{"type":"FeatureCollection","name":"gis.vn","features":[{"type":"Feature","properties":{"ma_tinh":"01","ten_tinh":"Hà Nội","loai":"Thành phố","cap":1,"stt":1},"geometry":{"type":"MultiPolygon","coordinates":[[[[105.55461930669375,20.879355272748114],[105.55413865413878,20.879538377887517],[105.55385636657728,20.87995227274488],[105.55390977280426,20.882183871386907],[105.55378007284389,20.882384142754628],[105.55338334413398,20.882569154831412],[105.55287217486544,20.882553896750185],[105.55265092285171,20.88242229007707],[105.55239152323917,20.881895860919442],[105.55215501189205,20.88159068650216],[105.55123948422363,20.88112720012495],[105.55095719619432,20.88058551332608],[105.55084275658847,20.879002412883427],[105.5507435733342,20.878714403744375],[105.55046128594759,20.878651461116796],[105.5494694656794,20.878907046209946],[105.54834794409929,20.878987155406072],[105.54805802770727,20.878874620964208],[105.54761552222169,20.878411135536204],[105.54738664048512,20.87837871050489],[105.54695939418005,20.87849124455194],[105.54665421820656,20.878426394124375],[105.54555558486075,20.877867541510746],[105.54413651843385,20.876694521700006],[105.54415940592735,20.877075991046354],[105.54390763634026,20.877150377786016],[105.54364060695156,20.877390703852605],[105.54331254326844,20.877537570169913],[105.54325150828878,20.87764056724915],[105.54328202645912,20.877858004601688],[105.54351853743567,20.878119311358496],[105.54353379633618,20.87854274181261],[105.54347276014306,20.878659091624087],[105.5435032785784,20.878775439044777],[105.54380082406087,20.879008136392017],[105.54386186054568,20.879168353451153],[105.54381608336152,20.879284700988528],[105.54356431351614,20.879568896224335],[105.54335832007095,20.879994235522382],[105.5433354316982,20.880196414679062],[105.54345750272995,20.880795321056365],[105.54344224375748,20.88089641144603],[105.54325913740773,20.88105662815597],[105.54321336109611,20.88117297640344],[105.54314469650012,20.88171847824293],[105.544319623039,20.881649813102012],[105.54499101001625,20.881737551482342],[105.5457692085238,20.88202174649375],[105.54671525343934,20.882517657420895],[105.54896592474071,20.883793673416648],[105.55040025200253,20.884512744308157],[105.55112504335263,20.884978137090865],[105.55191850039968,20.88532145956473],[105.55244492894263,20.88559611787283],[105.55358170821006,20.886393389487992],[105.55374955535912,20.88645061058329],[105.55416917281013,20.886711917494395],[105.55443620063069,20.886420092247384],[105.55475663598541,20.88630183720534],[105.55514573441224,20.88624270889849],[105.55531358155447,20.88631518800458],[105.55559586853867,20.8865173672415],[105.55570268102677,20.88675197141729],[105.55573319723517,20.887005647975492],[105.55567216274083,20.887385210855335],[105.55594682077773,20.887589297648834],[105.55648850905867,20.8878219941838],[105.55652665448399,20.887978395919387],[105.55661057914762,20.88806994963399],[105.55665635425197,20.88817866814587],[105.55665883653724,20.888223339409247],[105.55666398489214,20.88823970318942],[105.55666398429243,20.8883160035966],[105.55667161340064,20.88845332639755],[105.55666398506483,20.888479827078243],[105.55666398467896,20.88853343554709],[105.55652665433576,20.888956866331153],[105.5565496960205,20.889113829068197],[105.55658509281469,20.88919966596013],[105.55664724358245,20.88927735547575],[105.55669072164328,20.88931110786181],[105.55694627140339,20.889433703224682],[105.55731248313829,20.88949664671499],[105.55741929481754,20.889561496105856],[105.5575947711352,20.889759859882943],[105.55783891055202,20.88992961439094],[105.55798387009503,20.89016231062255],[105.5581211987355,20.890246234616406],[105.55835771012242,20.890240511857336],[105.55853318575424,20.890179476084892],[105.55892991513338,20.8903854706307],[105.55902909714628,20.89034160130512],[105.55910539092372,20.89016230992606],[105.55925797867803,20.890015444678337],[105.55934190158294,20.890011630578904],[105.55946397210899,20.890131793357618],[105.55951737820516,20.890433153988184],[105.55966996604559,20.89076121833753],[105.55965470675204,20.890868028949832],[105.55949448960847,20.89115031769421],[105.55950974898869,20.891365847077555],[105.55981492513857,20.89175113215944],[105.56060075159638,20.895619235066878],[105.56140183864363,20.897185168609507],[105.56194352596205,20.89731105377521],[105.56249284171672,20.8970020630619],[105.56334733384469,20.895134768536536],[105.56456040765805,20.896555743642338],[105.56452226135644,20.897244296088374],[105.5639271677596,20.8981579166225],[105.5640950147422,20.89818461938006],[105.56433915512346,20.898362002017166],[105.56489610145645,20.89850123984888],[105.56549882330447,20.899016223270145],[105.56636857381386,20.89958652007277],[105.56833695805034,20.90186961673183],[105.56732224938511,20.90341075485775],[105.56772660685698,20.90564235252042],[105.56841325246344,20.91100200220214],[105.56904649256381,20.911234698441724],[105.56974839620078,20.91172679511487],[105.57214402616799,20.913714252142963],[105.5741810743696,20.91345294491331],[105.57518815497879,20.91351207260083],[105.57551621855006,20.91398509589177],[105.5760197597443,20.9144447667676],[105.57924615569078,20.91554052367859],[105.57925462305974,20.915543400131185],[105.57903336995881,20.91570170948477],[105.57890367115684,20.91586383369314],[105.57888078202097,20.915991626390912],[105.57909440465296,20.916237673380465],[105.57925462226872,20.91629298750997],[105.57963609306566,20.916273913963423],[105.58012437421732,20.91617473157549],[105.58029985023015,20.916188082487082],[105.58051347230128,20.916312060705962],[105.58055924861596,20.916449390175693],[105.58013200257136,20.916849933157422],[105.58006333889494,20.916996798890242],[105.58009385575349,20.917200885471786],[105.58034562536794,20.917393527595486],[105.58097123724131,20.917685352065828],[105.5810856771753,20.917824588440293],[105.5811390830497,20.91796191805484],[105.58107041910172,20.918055378177183],[105.58066606046783,20.918129764048494],[105.58054398988153,20.918242297540555],[105.58043717872414,20.918656192555428],[105.58021592631077,20.91886981622993],[105.58029221957979,20.919285617448445],[105.58019303766335,20.91940578102814],[105.5800709678592,20.91945155644721],[105.5799183800995,20.91932376512449],[105.57988023323321,20.91912158596379],[105.57975053285715,20.918946110233595],[105.57962083410794,20.9189174988477],[105.57939958042681,20.91941722463193],[105.5791706986766,20.91963084833011],[105.57892655922912,20.920138201527966],[105.57893418806094,20.920342288794174],[105.57911729412922,20.920674166750157],[105.57939958112172,20.920618854288538],[105.57988786286263,20.920361361638644],[105.58040666090163,20.9202907894687],[105.58115434141578,20.920506321304458],[105.58135270611471,20.920491061789214],[105.58178758141537,20.920044742272772],[105.58195542812459,20.919936022449626],[105.58216142216558,20.91993411579924],[105.58276414371916,20.92023547717967],[105.58358811868099,20.92088016100298],[105.58422135854013,20.921564898847887],[105.5846562339597,20.922293505495954],[105.5847477872819,20.92258914489749],[105.58466386438748,20.922774157656406],[105.58440446363853,20.922882877155846],[105.58364915379093,20.922993503127977],[105.58240556254314,20.92346843340967],[105.5812764118836,20.923609577200867],[105.58121537718613,20.925658068925046],[105.58110093563305,20.925984225896062],[105.58097886649207,20.926726185178666],[105.58058976699303,20.927502476032082],[105.58058976701864,20.928364597596026],[105.58050584321103,20.9286506993895],[105.57622575291543,20.929192386620276],[105.57439469776826,20.929865680565353],[105.57376145952135,20.929318271202355],[105.57330369551482,20.928738437405173],[105.5730519253057,20.928484760728328],[105.57128953500057,20.92712291372433],[105.56870317003914,20.927250705090387],[105.56778764332054,20.92715343128587],[105.56622361738344,20.927224003769883],[105.56604051069586,20.92720492938121],[105.56440019185204,20.92675098028462],[105.56317185895878,20.926346622635478],[105.56280564747841,20.926300846879318],[105.5623402547321,20.926087223650175],[105.56179856810739,20.925616108407258],[105.56079148802536,20.924582325469395],[105.55761002962187,20.92634853079886],[105.5560612626243,20.926924550113167],[105.55493211309273,20.927107654702876],[105.55361985718639,20.926419102134943],[105.55289506492545,20.92713435815969],[105.5514225915666,20.926440082758436],[105.55118607953945,20.92590602602411],[105.55066728099807,20.925318561644442],[105.54897355547969,20.924105489167953],[105.54653214948412,20.92173846890797],[105.54624223231512,20.922541462681178],[105.54598283229532,20.923060262228095],[105.54563950937039,20.923254811236976],[105.544212813662,20.923897587966934],[105.54376267870364,20.924208485082904],[105.54263352905143,20.92446597747755],[105.54150437825768,20.924975240361842],[105.54108476209421,20.92528804554135],[105.54070329156635,20.92583163921862],[105.54009294041569,20.92643054711696],[105.53848313811662,20.927643619966815],[105.53226518168128,20.92282184287095],[105.52508592187979,20.918770634080108],[105.52346086008188,20.920729482657986],[105.52288865517481,20.921271169113044],[105.52177476361905,20.92177470948414],[105.52079057190772,20.922095143318497],[105.51657914607854,20.922037923522478],[105.51501512001514,20.921931111336917],[105.51435899197453,20.922068441038558],[105.5134816122002,20.922097050553898],[105.51249742056824,20.92229350818405],[105.51096391163189,20.923056448098137],[105.50991868483251,20.923741186034825],[105.50933885006731,20.924235189212155],[105.50882005174175,20.92451747723576],[105.50827073505599,20.924755895075304],[105.50687455626928,20.925684773645166],[105.50593614087842,20.926190221846724],[105.50502061325604,20.927227819394027],[105.50470780829752,20.927721823508683],[105.50428819190243,20.928730810214958],[105.50239610204619,20.930973852238314],[105.49958085583181,20.93028720706801],[105.49469041384476,20.93293460629675],[105.49047135872975,20.934096183175132],[105.48925065431504,20.935240591850846],[105.48927354347776,20.936068381403345],[105.48913621468952,20.936459387803705],[105.48748826482301,20.938462103728856],[105.48709153687258,20.938832129283405],[105.48574876285323,20.93915828632189],[105.48545884551658,20.939375724071187],[105.48531388736677,20.9398105992609],[105.48516129949799,20.941202964064804],[105.48496293628425,20.941769446633643],[105.48432969588207,20.942618216292676],[105.48298692240766,20.94362720417527],[105.4821400603473,20.944458808823843],[105.4813160850915,20.94583591480686],[105.47956132378309,20.947748984484114],[105.46933030628679,20.947045174363218],[105.4671330411813,20.945071067788174],[105.46170854067466,20.94648250577249],[105.45138596961968,20.95396694250043],[105.44379472258613,20.955958215016462],[105.44412278730734,20.958388177137568],[105.44287156642534,20.963278619114487],[105.43983408302093,20.96853916284704],[105.43624162262097,20.97476085865073],[105.4324040378638,20.979075280779284],[105.42646836879823,20.98222049921583],[105.42232560763073,20.98365291821845],[105.41893815560802,20.99483570445242],[105.41881608628391,20.99553951589599],[105.41777848933029,20.997780650545334],[105.41437577864622,20.998185008500425],[105.4120717011479,20.998057216657706],[105.40858506846462,20.998577922471174],[105.40570115698466,20.998478740612022],[105.40322160380309,20.998061030754233],[105.40136766068777,20.998577922676418],[105.39955186509823,21.000017971270164],[105.39878129624461,21.00018581791755],[105.39690446468548,21.000910610032534],[105.39373826658856,21.003418774261817],[105.39213609391317,21.006022305320453],[105.39245652833822,21.008465618463312],[105.39209794758116,21.014498562355627],[105.39165544270438,21.01481327596235],[105.39125108475936,21.015215726082406],[105.38922929457854,21.017388195739752],[105.38778733978138,21.0188034493364],[105.38733720443615,21.01940426406182],[105.38707780581097,21.01982960199064],[105.38699388239431,21.0201500374187],[105.38721513498706,21.022665830225666],[105.38721513514707,21.023651929166743],[105.38708543500877,21.024309964024134],[105.38694810598967,21.024638028199625],[105.38587999055495,21.023953290597948],[105.38315629679238,21.02234348788387],[105.38195085227736,21.021481366616577],[105.38140916600943,21.02097401205128],[105.38034867932417,21.019804806916664],[105.37886857680505,21.018542141872828],[105.37828874266675,21.01794514201538],[105.377777573548,21.01756176565496],[105.3773350682224,21.01730236542961],[105.37601518357442,21.015089841358737],[105.37542771945456,21.0144527870337],[105.37402391157376,21.013745160255894],[105.37220811532596,21.013308377215598],[105.37174272185392,21.013258786517213],[105.37074327150975,21.013018460519987],[105.37004136724863,21.01295933307841],[105.36949968001024,21.012850614142177],[105.36872911140836,21.01282391091162],[105.36798143027985,21.012925000313047],[105.36663102801033,21.013008923969622],[105.36568899801976,21.012531180917506],[105.36528122953234,21.012246103557796],[105.36495537163535,21.011990289014058],[105.3647160169692,21.01180238509285],[105.36460923801246,21.011704297190185],[105.36393022173432,21.011185498702005],[105.36368608082513,21.011044355285193],[105.3635258642499,21.010973783083866],[105.3624577487214,21.01075443832618],[105.36142015063528,21.010382505723225],[105.36075639381001,21.010048719681173],[105.35996293753664,21.0095871402946],[105.35897111536457,21.00893673411219],[105.35778093025942,21.00864681711855],[105.35542344665598,21.007859082483787],[105.35471391268507,21.00767025552599],[105.35336351134328,21.007414670418488],[105.35320329334779,21.007428022316365],[105.35283708182754,21.00767407085012],[105.35204362460405,21.008482785145194],[105.35136460928618,21.008763166755262],[105.35104417480223,21.009043546522438],[105.35064744631602,21.009621473205346],[105.35016429833883,21.010753057351735],[105.3497776950147,21.01165852130113],[105.34917497296557,21.012827727044353],[105.34867143316714,21.013409468075334],[105.34796952918171,21.013954969998125],[105.3477330173982,21.014071317964756],[105.3468937845223,21.013460965965674],[105.34634446799085,21.013172956555884],[105.34613084369744,21.013108107267445],[105.34537553448584,21.013142438664406],[105.34457444808456,21.013087125504686],[105.34384202593138,21.01290974255208],[105.34316300967775,21.01284870728547],[105.34185838435793,21.01284107755589],[105.34110307260984,21.012938353048614],[105.34040879942177,21.013081403952246],[105.33950090074073,21.01333889617438],[105.33876847881903,21.013626905825145],[105.33876847891423,21.012709470876185],[105.33848619078566,21.012297484051377],[105.33815812717762,21.012026639823237],[105.33743333543146,21.011645170127718],[105.33692979527503,21.01151928528074],[105.33654069569921,21.011515470632606],[105.33619737276614,21.01069912625581],[105.33591508502968,21.010298582475453],[105.33364915532442,21.01021656607115],[105.3336262671952,21.00996670384621],[105.33377122453183,21.009772154386546],[105.33393144254956,21.009690138242597],[105.3341298068225,21.009650083940745],[105.3346409762328,21.009619565780415],[105.33480119388733,21.00957569698],[105.33502244624943,21.009501311451345],[105.33522844013952,21.00935444457658],[105.33393907179804,21.008517119325266],[105.3337483367239,21.008147092655786],[105.33332512955278,21.008141262469696],[105.33277940413798,21.008133741687406],[105.33261918724494,21.008208127686622],[105.33235215739501,21.008459898373903],[105.33220719913541,21.008505674837657],[105.3316655122445,21.008482785673465],[105.33142900097377,21.008364531343407],[105.33130693127569,21.008370253241036],[105.33097123811051,21.008770796196053],[105.33083390740855,21.00881657219229],[105.33073472560703,21.008791776774753],[105.33071183761724,21.008736464130283],[105.3308110194291,21.008389326481037],[105.33078050325007,21.008284422222673],[105.33064317414785,21.00824818309154],[105.33034562697264,21.00833210584538],[105.3302159264171,21.008326384380524],[105.33012437477129,21.00829968073855],[105.32972764550239,21.00799450532087],[105.32959794708134,21.007975432034712],[105.32956829163288,21.007990079509877],[105.3292851408786,21.008129927233156],[105.32878160079616,21.008576246272725],[105.32843827909838,21.00855145120995],[105.32833146689471,21.00858959851636],[105.32819413755094,21.008738371398785],[105.32807969720218,21.009074063896154],[105.32805990864901,21.009091603470992],[105.32801501407103,21.009131397187183],[105.32799577421851,21.009148451247775],[105.32796109927523,21.009149633465512],[105.32787643750095,21.009152519030966],[105.32782792644024,21.009154173641786],[105.32772874459322,21.00911411920423],[105.32749986249384,21.00893482851521],[105.32739305205686,21.008896681638465],[105.32701158196149,21.00906262002662],[105.32687425258611,21.009079786891448],[105.32677507129209,21.009003493286563],[105.32661485294251,21.008765074659042],[105.3264622650761,21.008728833948243],[105.3264088600399,21.008759351973552],[105.3263783413627,21.008845183184643],[105.32643174759639,21.009283873001515],[105.32639360043903,21.00944027550242],[105.3262257534759,21.009537549868032],[105.32571458487718,21.00959667845124],[105.32558488520789,21.009682509704856],[105.3256306605251,21.009802672211283],[105.32599687169198,21.009877058539285],[105.32605027762625,21.010006758690626],[105.32598924283229,21.01012882827437],[105.32563066116586,21.01034054443021],[105.32548570249531,21.010325285129014],[105.32525682045132,21.010220380913285],[105.32515763845339,21.010258528072548],[105.32513475084272,21.010329100038867],[105.32513912621654,21.01036497651408],[105.32517289765478,21.01064190555528],[105.3252568207217,21.010842177534094],[105.32531877547936,21.010920154961912],[105.32547807294202,21.01112065014279],[105.32566880818786,21.011193129739443],[105.32608842484616,21.01110729827398],[105.32630967674483,21.011122557351133],[105.32646226518041,21.01122555407581],[105.32663011196922,21.011410567420434],[105.32708787578343,21.01209149004145],[105.32713365169681,21.012478682751233],[105.32700395193707,21.013047072224992],[105.32702684124679,21.013130995753347],[105.32707261654281,21.01320347472613],[105.32754563909106,21.0135143719536],[105.32778215064563,21.01380619650619],[105.32776689182033,21.013993117264004],[105.32769822694094,21.014063689766452],[105.32702684096887,21.014418455513542],[105.32689714079318,21.01457485803759],[105.3268132182019,21.014777037707855],[105.32669114745104,21.01524624507403],[105.32666825869651,21.015679213933783],[105.32676744058757,21.016320082196163],[105.3268742531379,21.016493651569707],[105.32702684102432,21.016640517280074],[105.32730912786465,21.01679119720052],[105.3277363743516,21.016909453849554],[105.3280415502203,21.01684269552141],[105.32845353707117,21.01651463292566],[105.32859086649162,21.016466948568223],[105.32870530707872,21.01647267061543],[105.32880449028738,21.016566130812144],[105.3288273776777,21.017277571809263],[105.32891130070463,21.017386290266604],[105.32852983097821,21.017891737454892],[105.32818650873111,21.018570753616675],[105.32803392110524,21.01895031621461],[105.32805680897609,21.019450041547884],[105.32727098115163,21.019394728668967],[105.32698106393313,21.01942333832194],[105.32657670582915,21.019640776373038],[105.32621812552952,21.019945952577526],[105.32610368382588,21.020106169829077],[105.32585191404506,21.020649763898845],[105.32563829146001,21.02100643917792],[105.32535600348179,21.021212431562127],[105.32489823985581,21.021365019597535],[105.3246769876122,21.021370741602517],[105.3244023290658,21.0213039844737],[105.32421922296221,21.02105602935234],[105.3239216769671,21.02027401683932],[105.32379197741948,21.017460676384072],[105.32209062186438,21.019488188613565],[105.32085466000984,21.018679472666946],[105.32176255828246,21.01465496726217],[105.32129716462084,21.014311644788663],[105.32103013567948,21.014187666342085],[105.32037400893824,21.01425060970215],[105.31980943290682,21.014059874455082],[105.31881761185208,21.013527724856193],[105.31526994360533,21.011290404535128],[105.30970048566138,21.016951415392256],[105.3048405608081,21.022284362605188],[105.29984330830115,21.029030654450633],[105.29724931485833,21.035212371980524],[105.29667710967023,21.037951325593298],[105.29482316629544,21.045397614711806],[105.29399156301312,21.051655625518414],[105.29403734033725,21.054671143725002],[105.29489946141321,21.056801651618205],[105.29606675955145,21.058508729203975],[105.29973649761456,21.066658830687206],[105.30390214816094,21.07583699241707],[105.30545854393827,21.07866749744521],[105.30790757976315,21.082819795470158],[105.31182908874011,21.087727403685186],[105.31306505154724,21.088860368661635],[105.31600236700339,21.09112629886461],[105.31724595966656,21.092663621367283],[105.31823778077664,21.095354890691787],[105.31910753134828,21.099373674936757],[105.31953477752144,21.103112078364244],[105.31993150686365,21.10618100233902],[105.32049608234725,21.10990605485349],[105.32020616516499,21.112439013352645],[105.3196568480117,21.113789416818978],[105.31846666284162,21.115902758293156],[105.31470537145495,21.121409275217026],[105.3103871345252,21.128994800211927],[105.3085560791813,21.13246617588465],[105.30753374160359,21.134863712949013],[105.3056950569115,21.137789585480338],[105.29800462799724,21.144064763674088],[105.29480028167671,21.1476906330277],[105.29252672280776,21.15091214489828],[105.29144334811892,21.152933934527418],[105.28936815346121,21.158644536957116],[105.28812456270636,21.16412816477455],[105.28837633217591,21.167929510130037],[105.28913164243113,21.170298437747608],[105.29276323476743,21.176714759135564],[105.29436540822134,21.180207114283633],[105.29704332544634,21.184058050539434],[105.29940843705445,21.18681607716272],[105.30406999692615,21.190491538498083],[105.31221056116824,21.195610861029625],[105.31681108636177,21.198159079251315],[105.32520342096147,21.20468411905597],[105.33280229778626,21.213484624878596],[105.34265947649561,21.221653800352783],[105.34634447499563,21.224541525417045],[105.34786272391509,21.226750235729966],[105.34915209150337,21.22987065838699],[105.35001421314395,21.232424597376813],[105.35170030875568,21.24004064057782],[105.3529820487033,21.245219093135194],[105.35598802939343,21.260208946456945],[105.35639238800718,21.26781926780862],[105.35672045251559,21.27805028627504],[105.36152697133741,21.283648354267754],[105.36657763109027,21.28583799091871],[105.370346551393,21.287911278434493],[105.3744587952438,21.289534432575348],[105.3759160103083,21.29028020510137],[105.37872362706312,21.292242867435977],[105.3849873601206,21.299622398903338],[105.38680315589998,21.30149160144623],[105.39040423016297,21.303219659482103],[105.39395189834144,21.303313119306303],[105.40576983105797,21.29910932139559],[105.40955400990596,21.296259742881258],[105.4112019589436,21.294649940277],[105.41446734044985,21.29164586593285],[105.4209981023658,21.284535269728753],[105.4271702814747,21.27780805115121],[105.43160295933049,21.274304251117705],[105.43454790682904,21.272995809505698],[105.44066668053003,21.271874288573198],[105.44286394645823,21.270613531519345],[105.44370317975084,21.269726614297152],[105.4447789244092,21.264813283901336],[105.44538164603335,21.260523656456577],[105.44622850903954,21.255999425088962],[105.44746447146592,21.250580648144084],[105.45056200460839,21.241291859511453],[105.45142412631918,21.23939786247822],[105.45214891886714,21.237988330729017],[105.45328569842984,21.236632206105323],[105.45468187749186,21.235178807150145],[105.45643663832621,21.232643939929552],[105.4589161912255,21.22954068369017],[105.45978594248682,21.228379108298363],[105.46049547692444,21.226803638456026],[105.46143389178754,21.22458348442007],[105.46206713180264,21.22270474602248],[105.46228838297479,21.221571781593184],[105.46219683016692,21.218930102669606],[105.46226549564966,21.218369342186183],[105.46260118826747,21.21701512517186],[105.46421862043819,21.21192631852436],[105.46445513100397,21.211508609076947],[105.46489763654108,21.21120915599481],[105.46505022426389,21.2109879026921],[105.46517229431667,21.21049199199102],[105.46574449862385,21.207653857522395],[105.46671343139974,21.19713673607523],[105.46725511848906,21.190014696616107],[105.46800279883765,21.18278393728745],[105.46983385311206,21.178746079816406],[105.4750905060862,21.172547197283468],[105.47681474913459,21.170851564003893],[105.48622179227073,21.163002823541483],[105.49021196585788,21.161206100723195],[105.49470568005357,21.159914825932756],[105.50383806435939,21.158230636480987],[105.5075535798028,21.1576603390709],[105.51590776650855,21.15630039886476],[105.52781725156893,21.1541641690806],[105.53362322084696,21.154208037441386],[105.53813219246467,21.155110213221015],[105.54629564505531,21.15704426415227],[105.55368089882322,21.15796169926518],[105.56686449278605,21.159893843361164],[105.57089281328396,21.160582395865678],[105.57128191222357,21.161537976855833],[105.57302904399242,21.161867948546814],[105.57611131894319,21.16254696461636],[105.57586717944623,21.164391370690726],[105.58092546723762,21.165467115981137],[105.58778429328954,21.16656384066733],[105.59014177697232,21.167033048434803],[105.59230089490416,21.167452665461358],[105.59252214722454,21.16753086685368],[105.59269762353657,21.167641492794186],[105.60002184262798,21.16964420811852],[105.60230303204098,21.171959729576283],[105.6049580613253,21.174513669191672],[105.60893297625148,21.17653736651629],[105.6173024210311,21.179119916400712],[105.61971331009435,21.179064602938464],[105.62202501688809,21.17818150108099],[105.6258397141873,21.175528379437708],[105.62661028298832,21.17741283927298],[105.6267247242651,21.177815290257517],[105.62652635890166,21.178158612137253],[105.62498522233251,21.179217190821184],[105.62457323449362,21.179701657276418],[105.6243214646178,21.18029865826491],[105.62439775828744,21.18071827437828],[105.62465715848758,21.181103559045553],[105.62502336942482,21.181488843702947],[105.62563372012714,21.181643338563557],[105.62628984865594,21.181599469027752],[105.62709093468693,21.181313367679575],[105.62775469237805,21.18087276978546],[105.62805986875574,21.18074497685318],[105.62830400845067,21.181082578135754],[105.62847948440536,21.18143925209019],[105.62863207261624,21.181935163083313],[105.62882280782786,21.183033796353843],[105.62905168923203,21.183461042076182],[105.62976122367077,21.184063764485824],[105.62734270586526,21.185919614083893],[105.62680864750888,21.186268659064357],[105.62651873017391,21.18628582567196],[105.62635088324478,21.186367841503138],[105.62603044935042,21.18661388958744],[105.62528276807826,21.187191816620004],[105.6249699635568,21.18773541012459],[105.62484789378297,21.188153119268634],[105.62484026325069,21.18828663497081],[105.62496233345585,21.18890842936851],[105.62498522261481,21.189503522640752],[105.62468767571994,21.190876813499614],[105.62468004635078,21.192236753420886],[105.62468226023168,21.192236084832018],[105.62468004650285,21.192791791838214],[105.6245656060612,21.193171354520803],[105.62437487044592,21.193539472816827],[105.62410784205224,21.193831296717896],[105.62385607151501,21.194006772547258],[105.62303972698395,21.194308134293156],[105.62291002706743,21.19441113122397],[105.62167406437108,21.19480785960716],[105.62188005845775,21.19759449569488],[105.6227879565739,21.199671599087953],[105.62279558586125,21.199908110148424],[105.62246752235806,21.200245711044882],[105.62171221149967,21.200730176907307],[105.62004900405155,21.201475949953647],[105.61931474948753,21.20075785938686],[105.61895800082968,21.20169148121676],[105.61869097190086,21.201950880359696],[105.616638664768,21.202502104628696],[105.61657762980845,21.204388472214266],[105.61647454522479,21.20535285252905],[105.61643499347919,21.20572287090381],[105.61643267084462,21.205744597320738],[105.61640348903506,21.20579769216789],[105.6163189160844,21.205951568418516],[105.61629534171895,21.205994459785057],[105.61622561223597,21.206026211559603],[105.61610892386291,21.20607934632607],[105.61608171949766,21.2060917348399],[105.61600477835768,21.206077343383676],[105.61505175093589,21.205899092294352],[105.61506701036569,21.20716747970369],[105.61518145071587,21.207590910167795],[105.61527300273892,21.207619520342625],[105.61557055002088,21.207938048467845],[105.61588335479726,21.208069655703312],[105.61612749625631,21.20850834536524],[105.61619615985377,21.208569380677478],[105.6164479297625,21.20865711889501],[105.61686754726,21.208676192194265],[105.6168986671453,21.20866438835331],[105.61708879936376,21.20859226896456],[105.61734056946021,21.208388182536375],[105.6177830738508,21.20767292628811],[105.6181416563364,21.20732197492312],[105.61829424448983,21.206925246049586],[105.61840868544495,21.206900450050007],[105.61857653096384,21.20693287547573],[105.61883593115739,21.206799361865855],[105.6192097708663,21.206517073355073],[105.61958361119515,21.20633778251991],[105.6210713434542,21.20588574121957],[105.62117052473721,21.205889555542267],[105.62168169515392,21.206076475221064],[105.62186480028507,21.20625385915609],[105.62191776163021,21.206284587152858],[105.62197161208374,21.20633206069987],[105.62232271546358,21.20653687013146],[105.62235656831697,21.20656746883009],[105.62262010977003,21.206873747572],[105.6227040342368,21.207081808630072],[105.6227040343095,21.207358214056697],[105.62271913153441,21.207382652669438],[105.62271929200361,21.207388731823592],[105.62297869204052,21.207814070100966],[105.62299912992023,21.207835901339273],[105.62300920890816,21.20785221752654],[105.62303527371463,21.207874509144165],[105.62314653939906,21.20799336151118],[105.62402391904837,21.208720061532546],[105.62470293548192,21.20916447328328],[105.62506151712537,21.209351393208674],[105.62551227795342,21.20954874179259],[105.62561083340626,21.209595534432605],[105.62812853342248,21.210694166421558],[105.62854815051051,21.21076283116012],[105.62874651395194,21.210759016449448],[105.62907457779684,21.21072086975831],[105.62930346050364,21.21061978011567],[105.62975359452406,21.210203978346918],[105.63046312825422,21.20937618896094],[105.6308088032273,21.209120256653105],[105.63123369706237,21.20893559165871],[105.63228655350342,21.20876392984651],[105.63274431759181,21.208630415568997],[105.63519335205706,21.20827564796196],[105.63560174845705,21.2081968858643],[105.63591049466737,21.208137342205738],[105.63599443915817,21.208121153500695],[105.63774156983092,21.207478376818123],[105.63849688051538,21.20727619771878],[105.63871813342843,21.207257123757834],[105.6389164973688,21.207262845593927],[105.63925780699125,21.20738125953551],[105.63929033709402,21.207392545593418],[105.63933923144559,21.20742502505195],[105.63951832253441,21.20754399240674],[105.63955736588487,21.207569929265638],[105.63957129843378,21.20760475869475],[105.6396260316509,21.207741590839635],[105.63961077255713,21.20809445036818],[105.63945055497153,21.20927700604177],[105.63950396022501,21.211428495976353],[105.63945818422164,21.211811873247292],[105.63929796747281,21.212071272542353],[105.63861895152044,21.212445112013583],[105.63802385827978,21.212841840957235],[105.63675737870966,21.21397099170691],[105.63662767943168,21.214115950536193],[105.63610887996413,21.21493038841372],[105.63580370484532,21.215578886144193],[105.63573503936637,21.215813490229138],[105.63565874677884,21.216616484645687],[105.63569689333386,21.21696362120211],[105.63580370491482,21.21731457445253],[105.63596392113752,21.21753773339126],[105.63625383806617,21.217766615120553],[105.63642931494287,21.217850538922598],[105.63690996668214,21.217957350215695],[105.63839006953188,21.21792301801197],[105.63879442780595,21.217865797804862],[105.63966417845876,21.217640730763385],[105.64006853636326,21.217493863953486],[105.64119005743028,21.216755720092983],[105.64183092666603,21.21642765650141],[105.64200640212414,21.215996596680068],[105.64232683645015,21.215712401149357],[105.64298296455907,21.21565899489883],[105.643608575282,21.215840193064796],[105.64434099760278,21.21558842285389],[105.64485216620027,21.215510222166234],[105.64513445498697,21.21556171990515],[105.64607286972928,21.2159298384635],[105.64769793049959,21.216477247173028],[105.65239000821181,21.21749386435296],[105.65318346590594,21.217728467732925],[105.65447283298036,21.218241545165668],[105.6561818179521,21.219017836295016],[105.65782213780248,21.220040174874498],[105.65821123699394,21.220385404748715],[105.65862859980095,21.221042894318884],[105.6587681831907,21.22126278495674],[105.65883059913689,21.221412882161065],[105.65888507167078,21.221543876244986],[105.65892839947486,21.22164806960266],[105.65905810006147,21.222138258239212],[105.65907110684205,21.222212639850557],[105.65911913479123,21.222487303188466],[105.6591191348916,21.22287258708811],[105.65909624730821,21.223046155840933],[105.65900469372235,21.223221632334795],[105.65724993315891,21.225054594071054],[105.6559079717431,21.22654301199643],[105.65574694231074,21.226721617472208],[105.65522051383596,21.227223250463314],[105.65489245022307,21.227450224504267],[105.65448809236975,21.227602812709648],[105.65432024603945,21.227627608220704],[105.65416002798197,21.22761616318628],[105.65386248196968,21.22749790826001],[105.65247393238317,21.22605404531056],[105.65213060867092,21.225842329061457],[105.65168386082118,21.225777479128],[105.65165758653428,21.225773665561096],[105.65160334448534,21.225777479181705],[105.65148261444124,21.22578596817195],[105.65141344623092,21.225790831654678],[105.65137453617182,21.225806233207045],[105.65121621794758,21.22586890181409],[105.65113878800673,21.225899550587197],[105.649841791303,21.22679791153567],[105.64937639746451,21.22700009060025],[105.64888048709844,21.227040144313197],[105.64701128610562,21.22682461430592],[105.64644671001868,21.226820799407456],[105.6458134709314,21.226878020431243],[105.64563799456354,21.226929518683633],[105.64541742309062,21.227062159578548],[105.64535570714867,21.22709927291766],[105.64531709822546,21.227152106665724],[105.64525744228443,21.227233740827987],[105.64521074852425,21.227297636425394],[105.6450276426657,21.22789082257632],[105.64469195046118,21.23040470781881],[105.64425707427439,21.232434126550366],[105.64424181518919,21.233099792092663],[105.64431047961295,21.233727309907117],[105.64434958895762,21.233862134132693],[105.64437151481704,21.234017226941514],[105.64443142914722,21.234144265319696],[105.64445543845355,21.234227035367812],[105.64457750941054,21.234454008969117],[105.64481401992536,21.234743926066887],[105.64582110020429,21.235482070199392],[105.64742327361279,21.23648914983345],[105.64836168804368,21.236945007141475],[105.64959764976707,21.237459991263286],[105.65173388138753,21.23808369413511],[105.65193987422774,21.238114210871515],[105.65204516792937,21.238112105088867],[105.6522145328073,21.238127562560052],[105.652512079134,21.238102766525913],[105.65275622028304,21.238047453787313],[105.65313006029972,21.23785671909332],[105.65319404403995,21.237794234085516],[105.65326738896013,21.237751815173503],[105.65331067788273,21.23768033522045],[105.65337420161417,21.237618300611317],[105.65388537021715,21.23673138403984],[105.65402269880231,21.236561630013227],[105.65446520471303,21.23618778853672],[105.65608263648681,21.234982344795],[105.65677691141299,21.23471531529547],[105.65755510883099,21.234585615390856],[105.65809679588868,21.23458180139972],[105.65980578004151,21.234700056730574],[105.6616826114749,21.234997603560444],[105.66219378148486,21.23517117115528],[105.66252947404942,21.235339018944497],[105.6634755191303,21.2359512773159],[105.66415453554887,21.23655590749516],[105.6647114810119,21.237212034706896],[105.66600847822598,21.23922810271366],[105.66632128369002,21.239432188834805],[105.66657305347448,21.239544722938202],[105.66677141723659,21.23958859163745],[105.66696215215973,21.239567610495104],[105.66721392199571,21.239420744868855],[105.66739702847613,21.239260527424612],[105.66748858153548,21.239096495675216],[105.66789293809822,21.23785481110753],[105.66860247211065,21.23595699894887],[105.66864061953513,21.23546299629773],[105.66854906650349,21.23351750031334],[105.66858721338178,21.233311507650193],[105.66876268914238,21.233176085140958],[105.66962481155672,21.232966275826442],[105.67047167378283,21.232855650448794],[105.67091417916356,21.23289951897063],[105.67163897152255,21.233172270423402],[105.67198992367928,21.233406874602476],[105.6723942810822,21.233914229371376],[105.67268419873032,21.234557005299546],[105.67313433237874,21.236004683484975],[105.67365313117082,21.23660931267478],[105.67390490172255,21.23672756803882],[105.67420244827876,21.236737105025327],[105.6742545856662,21.236724071644307],[105.67432851303462,21.23670558954915],[105.67439318344805,21.236689421069322],[105.67443949571076,21.236657752329364],[105.6745692611153,21.236569015155364],[105.67465258217544,21.23651203786386],[105.6747316788675,21.236412567834616],[105.67481136641618,21.23631235554067],[105.67490435195865,21.236195417821232],[105.67495742381925,21.236094411374218],[105.67506110048927,21.235897089827972],[105.67514086367605,21.235745283414694],[105.67527056344798,21.235405774779604],[105.67545366817677,21.234619948590208],[105.67541552144009,21.234240384932292],[105.67423296482009,21.232912870916177],[105.67345476679759,21.232212873944796],[105.67246294666386,21.231465192752655],[105.67159319539154,21.230885358846002],[105.67139483111924,21.23065075537498],[105.67136431299535,21.2304008923882],[105.67143070540054,21.23020473523996],[105.67150583569521,21.230103136689188],[105.67181444705058,21.229836316846008],[105.67378283098546,21.228522154362075],[105.67535448578428,21.227406354695724],[105.67587328465899,21.22709927183773],[105.67632341915083,21.226946683920808],[105.67655230153748,21.22692188856538],[105.6768422185885,21.22698483077594],[105.67707109990339,21.227095457003],[105.67798662683725,21.22774204878591],[105.6787114203068,21.22843250837491],[105.67926836592,21.22918018914174],[105.67938280685723,21.229405256742556],[105.68054247518339,21.23373875315027],[105.68078661584437,21.234175534994097],[105.68136644967643,21.234648558025444],[105.68193865460246,21.234948012231925],[105.68339586821018,21.2352970562048],[105.68449450166526,21.235411497272956],[105.6853184761206,21.235443921932866],[105.68650103238069,21.235289426484833],[105.68816424026858,21.23465809504806],[105.68866015088823,21.234244199771627],[105.688934809746,21.233887525788937],[105.68907976743115,21.233473631041694],[105.68907976788026,21.23314175160141],[105.68894243849219,21.232809874004896],[105.6886906684888,21.232525679150417],[105.68820238736987,21.23220142947222],[105.68680620738964,21.231829496731518],[105.68645525577931,21.23179707205882],[105.68428850693775,21.231926770609583],[105.68347979152072,21.231844754596256],[105.68299150994947,21.23163494711395],[105.68271685258844,21.231375548045982],[105.68257189407865,21.230921598450784],[105.68255663524064,21.23049244483752],[105.68264055846157,21.23018345433451],[105.68284655234244,21.229988904649478],[105.68373919100982,21.229704709392543],[105.68395281442584,21.229697080981],[105.68450212983161,21.229786725368363],[105.6865849550651,21.230378003712524],[105.68729448927449,21.23045048366181],[105.68683672518877,21.229037137333886],[105.68600512104918,21.226979108746452],[105.68608904384394,21.226282926564856],[105.68795824640462,21.22286114211051],[105.6884160102258,21.221947522059157],[105.68952990065003,21.221312375033015],[105.68994188896448,21.220774503358342],[105.68993425936002,21.220419736260983],[105.69002581186166,21.220078321373467],[105.69014788175384,21.219883771504534],[105.6902852109056,21.21983417981153],[105.69044542860314,21.219895215512995],[105.69210863752902,21.221161695151945],[105.69346666909318,21.22148785144999],[105.69577837465171,21.216029020025896],[105.696403986389,21.215260358017215],[105.69821978138016,21.213303417511682],[105.69831896360009,21.213850826882545],[105.69815874704167,21.214659542697618],[105.6977467592663,21.216336102567684],[105.6973805475981,21.21843418550448],[105.697411066456,21.21858677426146],[105.69844866413197,21.218916744991663],[105.69863176861345,21.219944806077578],[105.70070696428961,21.220572323845676],[105.7018895200071,21.218607754935434],[105.7024769838779,21.21961483520659],[105.70328570011596,21.221325727096897],[105.70479632030944,21.220801206090712],[105.70574999400552,21.220614285902624],[105.7075657905986,21.22016987240218],[105.70861101748375,21.2197273685881],[105.70916796357807,21.219824642272947],[105.71077013598368,21.22086796302886],[105.71235704977965,21.222479672709117],[105.71323443018925,21.22238430508599],[105.71360064101465,21.222445340054822],[105.71556139502597,21.224682659880987],[105.71764422062031,21.22287640075872],[105.71873522400352,21.223479122407248],[105.71969652750475,21.224800915296985],[105.7195210514311,21.226267667110204],[105.71964312212553,21.227681012019733],[105.71848345470222,21.22881779195893],[105.71969652788916,21.230017513773454],[105.72424364681241,21.22531971471665],[105.72801256712293,21.228539318860715],[105.73140001963395,21.231579632856704],[105.73177385973109,21.231211514930152],[105.73468828899658,21.23269161648514],[105.73506212918035,21.23293957216189],[105.73413897187346,21.233240933576063],[105.73374987285942,21.233275265200387],[105.73313189143099,21.233710140344034],[105.73264361107914,21.23425182773528],[105.73181200719144,21.23568806189712],[105.73119402624931,21.23645863100485],[105.73037005096856,21.237141461685564],[105.73004961693243,21.23756298581672],[105.72994280448927,21.237763256621697],[105.72990465789964,21.237961620606068],[105.72992754597799,21.238129467568456],[105.73003435804605,21.238299222247537],[105.73026323975832,21.238446087804395],[105.73052263873403,21.238457531684723],[105.73073626157294,21.238392682288595],[105.73126268950362,21.238007397490655],[105.73305559801534,21.23640331752119],[105.73388720174076,21.235737652819324],[105.73439074206614,21.2354629950855],[105.73515368207421,21.235207409769497],[105.73580980954817,21.235197872531128],[105.73680925941515,21.235335201315966],[105.73735094703835,21.235644192678517],[105.73753405324011,21.235827297825047],[105.737656122463,21.23604473531779],[105.73767138199825,21.236477703820015],[105.73714495348568,21.237925381599826],[105.73622179663401,21.240101667149528],[105.73564196256248,21.240845532863702],[105.7347645830131,21.24150928945112],[105.73432207780195,21.241722912469488],[105.73394823704236,21.241865963720425],[105.73351336187069,21.241944165014857],[105.73305559768275,21.241940351229115],[105.73228502923193,21.241856426804368],[105.73087359061587,21.241577953922004],[105.73006487500645,21.24131283314078],[105.72928667700188,21.24084934738853],[105.7285618847272,21.240706296026552],[105.7283101151786,21.240723462154133],[105.72690630615719,21.24117550439097],[105.72648668878557,21.241356702398676],[105.72559405033533,21.24183735383444],[105.7252812447724,21.242049070438746],[105.72515061353853,21.242207334274756],[105.72508288092735,21.24228939646196],[105.72502184601217,21.242464872362824],[105.7250676215284,21.242770046772733],[105.72529650389993,21.242901654604594],[105.7260212958045,21.243010373060898],[105.72630358403488,21.24301037319487],[105.72655535429485,21.243130536269913],[105.72676897736832,21.243376584496993],[105.72735644018039,21.244377941817547],[105.72806597392274,21.245329708837474],[105.72866869594557,21.246283384173562],[105.72882128436014,21.24674496239391],[105.72896624276513,21.247437328914135],[105.72919994355108,21.24882713629547],[105.72921801276536,21.24893459797144],[105.72918749538123,21.249077649762967],[105.72905779495069,21.24924168128289],[105.72887469013054,21.249371381722494],[105.72853899712536,21.249504895198527],[105.7254567216415,21.250197263883628],[105.72467852341964,21.2504604776243],[105.72369433155728,21.250607343383965],[105.7234425611141,21.250704618722157],[105.72327471420961,21.25101933061036],[105.72328234461932,21.251328321789515],[105.72340441408468,21.251627774435008],[105.72402239553784,21.252524228712062],[105.72417498302842,21.25286182967201],[105.72431231213983,21.25366291525083],[105.72435045911571,21.25427517496494],[105.72440386524566,21.254826398444997],[105.72471866731581,21.2566612011072],[105.72474344593982,21.256805624177225],[105.7248082230593,21.2574566324177],[105.72476244659688,21.258095595227807],[105.72408252643271,21.261339529901637],[105.72392321397494,21.261862607782504],[105.723755366518,21.261973234079434],[105.72355700214644,21.2620151960929],[105.72329760336297,21.26199612332122],[105.7228627276807,21.265816542156863],[105.72277880453008,21.26611408808729],[105.72479296431307,21.26613697577993],[105.72538042801685,21.26639446902092],[105.72567034451072,21.266606184109623],[105.72726488877748,21.2681454155156],[105.72751665924353,21.26829037337189],[105.72785998036541,21.268364760556796],[105.7283763937839,21.268221699194058],[105.7284566226803,21.268217071179084],[105.72854420006138,21.268240869033423],[105.72876787840686,21.268408628983867],[105.72923327141494,21.269045683055488],[105.72934008386272,21.269352766054382],[105.72933245481497,21.269448134053928],[105.72918749584798,21.269692274309193],[105.72874499117182,21.270071836789747],[105.72814989747484,21.27032742100082],[105.7274937705475,21.270815703183022],[105.72693682491798,21.27101025250034],[105.72592974457031,21.27113995205766],[105.72529650496439,21.271977278077326],[105.72517443441988,21.272354932987156],[105.72539568649064,21.273005339531494],[105.72550249849797,21.273156019366954],[105.72564745718203,21.2732876276186],[105.72597552075307,21.27341351263932],[105.72634936066613,21.273472639266988],[105.72656298438096,21.27346501029439],[105.72671557201618,21.27341160401841],[105.72738695919011,21.272873732215338],[105.72754717610074,21.27280888269641],[105.72776079843322,21.27281651111831],[105.72791338717337,21.272877546969113],[105.7283253751939,21.273373457808898],[105.7288670617827,21.27387127536942],[105.7290120203288,21.274063917272073],[105.72907305519087,21.27425465268672],[105.72906542553469,21.274473997811388],[105.72882891511254,21.275538298312778],[105.72884417277645,21.275683256711293],[105.72895098510725,21.275822493521883],[105.72913408970601,21.2758987873526],[105.72934771325887,21.275902601067884],[105.72954607753147,21.27583775253641],[105.7299122892537,21.27562985159456],[105.73070574609916,21.275523039787775],[105.73197222482464,21.27498135272891],[105.73226214226024,21.27489742921461],[105.73247576514615,21.27492794589655],[105.73262072425324,21.275000426506743],[105.73273516502553,21.275133940416243],[105.73278857008506,21.275280806459257],[105.73274279447064,21.27616009454633],[105.7327809409483,21.27630505221218],[105.7335438801852,21.277619215479863],[105.7335743979209,21.277827116427016],[105.73339129179985,21.279166075751696],[105.73347521596283,21.279391142215392],[105.73365832075301,21.279509398729452],[105.73388720305678,21.279578062796965],[105.734001643728,21.279568526157952],[105.73454333086435,21.27930721977263],[105.73471117798427,21.279284331821927],[105.73506975938736,21.279333922659593],[105.73576403396437,21.279259535391166],[105.73598528675322,21.279332014078562],[105.7360844696307,21.27952656450787],[105.73609972778637,21.280115935352647],[105.73600817568997,21.28104862846229],[105.73583269914337,21.281662794237455],[105.73521471843573,21.28340038935709],[105.73518420021138,21.284251066711747],[105.73520745024533,21.2843033787706],[105.73520708820129,21.28434834157865],[105.7352604946859,21.284422728513647],[105.73587847501963,21.284577223877683],[105.73596239827422,21.28464016693976],[105.73632860950252,21.285275314049358],[105.7369008143579,21.28556904508118],[105.73697710819917,21.285679671414428],[105.73699236780361,21.285828444306574],[105.73684740806151,21.286053511870367],[105.73632098072171,21.28633579964591],[105.73625994581727,21.2865208117802],[105.73629046191927,21.28661999389278],[105.73633034085995,21.286668934335104],[105.7363514981359,21.286713454470032],[105.73662615682804,21.287031981996858],[105.73722124915628,21.2873009181147],[105.73803759488955,21.288006636378473],[105.73815966403478,21.288048599037403],[105.73827410592168,21.28805432110539],[105.73907519159017,21.287886473875012],[105.73918200352536,21.28783497558066],[105.73922014996855,21.287737700691213],[105.7391896323568,21.28764233271483],[105.73880053317681,21.28729519535835],[105.7387013517037,21.287169310352414],[105.73867846343394,21.28707775728504],[105.73870897996265,21.286991926383273],[105.73880816383543,21.286906096435764],[105.73954058413565,21.286614271697676],[105.73962450843736,21.286604735674427],[105.73980761296446,21.286703917440235],[105.73995257278858,21.286818358336575],[105.73999834862185,21.2869060962902],[105.73998308959783,21.28703007330078],[105.73971606180208,21.287220808245877],[105.73966265520366,21.2873085465289],[105.73959399046696,21.287638518376724],[105.73962450807134,21.287737700776294],[105.73972369065844,21.28779492068418],[105.73983050126286,21.28780064303556],[105.74019671288205,21.287707182925764],[105.74118090441962,21.287323805876433],[105.74180651523757,21.287211272307555],[105.74198962087435,21.28724178985291],[105.74256945410677,21.28800472923239],[105.74267626610856,21.288435790034207],[105.7426991548075,21.2888077228994],[105.74266100731298,21.28902516105421],[105.74227190883947,21.28939900037679],[105.74212694936321,21.28948673881069],[105.74124956953621,21.289681289019658],[105.74095965248895,21.28979382256277],[105.74088335837747,21.289917799941286],[105.74084521146831,21.29017147761838],[105.74087572991603,21.290404173415645],[105.74093676443086,21.290551039737963],[105.74120379288672,21.290829512923175],[105.7414784511747,21.290900084800565],[105.7417988855622,21.29092678770654],[105.74211169070111,21.29073605259457],[105.74256182556135,21.290236326322265],[105.74272967163662,21.29016766279311],[105.74287271069504,21.290218051309758],[105.74292161429098,21.290277743039077],[105.743055832586,21.290561556814133],[105.74309588299461,21.290848585885595],[105.74302721869806,21.29107174591571],[105.74266100763225,21.29152760178743],[105.74262286095345,21.29179081650763],[105.74280596605597,21.29221043235643],[105.74311877144932,21.292563292906465],[105.74314165975908,21.292794082024468],[105.74315263496331,21.29280711479839],[105.74315691765027,21.29283795068104],[105.74318124008626,21.29284108238783],[105.74320269417792,21.29286656078643],[105.74334391881153,21.292862033829728],[105.74340868903082,21.29287037532957],[105.74344301642319,21.292858858214707],[105.7435002404995,21.292857024089617],[105.74369860574372,21.29277310100714],[105.74426318070033,21.29241261216647],[105.74480486731355,21.291891905623306],[105.74492693797505,21.29184231458694],[105.74510241368787,21.291876646609705],[105.74535418390406,21.292614790449253],[105.74533129606739,21.292933317688007],[105.74538470152359,21.29327282537721],[105.74550677193636,21.29361233487829],[105.74557543634653,21.293751570680172],[105.74605608815348,21.294211242167354],[105.74562884191235,21.294541212868346],[105.74651385122372,21.29455265707557],[105.74697924466969,21.29472241053955],[105.7470784263393,21.2943275900965],[105.74731493908199,21.294201704898096],[105.74768877851557,21.294253203825885],[105.74807024835206,21.29455647212066],[105.74855852967794,21.29519924843178],[105.7487874121895,21.295405241874434],[105.74895525795743,21.295668455642094],[105.74926806379834,21.29589352318452],[105.749451169135,21.295941206383155],[105.74958849788183,21.29592213339968],[105.74978686205472,21.2956932515457],[105.74993182114514,21.295603607012186],[105.75109911818025,21.295540663781473],[105.75158739881884,21.295403334497802],[105.75176287554014,21.2952011555811],[105.75212676899285,21.295015495831652],[105.75213671553213,21.295010420252407],[105.75222826870417,21.295010420866223],[105.75264788453079,21.295163008937052],[105.7527699562312,21.295164915566435],[105.7530326716874,21.29494416089755],[105.75304461415656,21.29493412629713],[105.75331934948605,21.29488305402929],[105.75333885804855,21.29487942793174],[105.7533421600758,21.29487881364501],[105.75344134145008,21.29502949450597],[105.75351000702211,21.29532131850987],[105.75332226586208,21.29556102477597],[105.75329638410795,21.29559406947093],[105.75326518657909,21.295701525327647],[105.75323443618556,21.295807443809743],[105.75322771883732,21.295830580196878],[105.75322968033822,21.2958359753675],[105.7532963839838,21.29601940844345],[105.75331927198644,21.296234939017324],[105.75326586597497,21.2965668180714],[105.75317431422597,21.296767088354144],[105.75297594919356,21.296860548406094],[105.75288439700483,21.296969268002037],[105.75284624947207,21.297266814396025],[105.75289965447449,21.297312590998935],[105.75302172575155,21.297301146271263],[105.7534184536975,21.297442291120422],[105.75371600099052,21.29766735788553],[105.75412035764413,21.297781798558866],[105.75428820475416,21.297903868932842],[105.754341610424,21.297982069609457],[105.75454760528054,21.298714491702988],[105.75547839051913,21.299906584987617],[105.755707272493,21.29995999107863],[105.7560887421259,21.29985317916855],[105.75631762347037,21.2998436430722],[105.7565388770052,21.29996761956147],[105.75672961130051,21.300150725654497],[105.75679827582167,21.300268981135755],[105.75682116415315,21.300471159955237],[105.75703478742469,21.30049786251835],[105.75814104923046,21.302653166582672],[105.76029253947712,21.307518813029812],[105.7613301359831,21.311146591288402],[105.76171160638637,21.312048766393396],[105.76213885229771,21.31289562946189],[105.76233721596314,21.31340489074536],[105.76257372887137,21.31376538040476],[105.76330614928355,21.314593169191717],[105.76382494856715,21.315316055589737],[105.7642140477895,21.31575856015342],[105.76474047660014,21.31622013777115],[105.76513720472856,21.316670272059678],[105.76651812589877,21.3177021479958],[105.76713610654933,21.31801495319331],[105.76761675726767,21.318316314463384],[105.7684636204409,21.31995091204068],[105.76880694322419,21.320364806197627],[105.76960802948155,21.321698043377356],[105.76989031739713,21.322283599389944],[105.77034045209527,21.323054168113227],[105.77100420988505,21.324320648271705],[105.77196551242334,21.325507018152376],[105.77195788400515,21.325661514132484],[105.77228594768432,21.326639983669995],[105.77246142352422,21.328635070569398],[105.77323199298075,21.33073506176464],[105.77359057376317,21.33160099733169],[105.77504015888591,21.334013793482526],[105.7753758529574,21.334500167724975],[105.77583361658122,21.334944579578444],[105.77621508636459,21.33558926334717],[105.77635241493952,21.336153838258838],[105.77609301655457,21.33675846882104],[105.77616168036572,21.337075088376924],[105.77633715625187,21.33722767694294],[105.7767186258998,21.337374543042937],[105.77698565506537,21.337536666524382],[105.77744341916693,21.337963912755317],[105.77822161734719,21.338343476117625],[105.7796177964796,21.33887944066231],[105.78019763079756,21.339318130971886],[105.78064776431782,21.339777801338485],[105.78110552811926,21.340609405836087],[105.78229571353837,21.341757629899913],[105.78317309481653,21.342907760914606],[105.78516436632403,21.342848633067337],[105.78531695457828,21.346173141695285],[105.78503466703809,21.348408553674112],[105.78302813550977,21.353827331969832],[105.78607989376758,21.354645583847987],[105.7862401108149,21.357077454602276],[105.78607226482842,21.357819413538977],[105.78505755450055,21.35928234936921],[105.78463793887401,21.35964665314779],[105.7858967891265,21.362114762487067],[105.78646136418314,21.36413845978449],[105.78640795855357,21.365349625516345],[105.7864232169141,21.36577305623823],[105.78679705739268,21.366684769806206],[105.78685046356404,21.367028092910203],[105.78701067996391,21.369236802187775],[105.78739977899838,21.36965260393932],[105.78757525552724,21.3699425205033],[105.78756762650714,21.3703945630919],[105.7873005974785,21.37106213478757],[105.78749133241689,21.371334886097024],[105.78817034849747,21.371641968944026],[105.78830004883436,21.371750688019144],[105.7889485463439,21.37271962051233],[105.78949023341804,21.37313923774586],[105.79013110302293,21.373257492835247],[105.78829241925277,21.374335144818158],[105.78768969673816,21.374873017586417],[105.78796435532992,21.375321245049552],[105.78798724333544,21.375464295973604],[105.78791857887612,21.375616884328487],[105.78795672558404,21.375729417058047],[105.7880711668511,21.375790452230973],[105.78830767789596,21.37575039764266],[105.788475524258,21.37579808193546],[105.78889514116032,21.37573132478685],[105.78929186905829,21.375878189610436],[105.78936053482344,21.376168107381716],[105.78946734592327,21.376185273986216],[105.78979540980478,21.376484727455082],[105.78982592740547,21.37655148357299],[105.78978015085933,21.376980638282458],[105.78984118612428,21.37702450674565],[105.79006243886461,21.37704167285034],[105.79013873241902,21.37709317098738],[105.7901616200602,21.377219056984973],[105.79032183752564,21.37752995400487],[105.79032183724945,21.377585266764573],[105.79021502653667,21.377735948471074],[105.79023028581065,21.377863740343955],[105.79047442520093,21.37808117780882],[105.79065753168533,21.37800869863467],[105.79107714828868,21.378077363187217],[105.79120684775103,21.378203248130426],[105.79119921843196,21.378460739694898],[105.79126025365514,21.378517961385295],[105.79132891876993,21.37853322036684],[105.79165698210655,21.378420686431276],[105.7918324589691,21.378458833379174],[105.7921681519614,21.37879452611069],[105.79238177427379,21.378937577997988],[105.79238940402344,21.37914738641247],[105.79232836829043,21.379261827321592],[105.79232836823178,21.37941250684244],[105.7923817748451,21.37950215335345],[105.79251910362073,21.379540300177126],[105.79312182543056,21.37942967439313],[105.79339648322251,21.37944684042045],[105.79369403037879,21.379320954847792],[105.79435015829155,21.379223679839267],[105.79449511684857,21.379240845789823],[105.7947239990073,21.37943348757069],[105.79485369899078,21.379607057117603],[105.79488421600335,21.37999424899198],[105.794937621604,21.38014111509994],[105.79511309814255,21.380379533228457],[105.79531909206415,21.380539749788866],[105.79538775601354,21.38066563528769],[105.79538012666679,21.38090596146497],[105.79528857386056,21.381049013302732],[105.79529620354324,21.381110047914625],[105.79536486722549,21.38113102917595],[105.79571581949631,21.381010865786468],[105.79621173098214,21.381031846242585],[105.79653216595237,21.380888794700528],[105.7966618645944,21.380898332292045],[105.79681445295397,21.381087159861654],[105.79655505356764,21.381525849901447],[105.79654742326396,21.38160786591986],[105.7966923825183,21.38173756490599],[105.79695941190279,21.381790971289472],[105.79700518796554,21.38190731870067],[105.79689074716309,21.38216481229185],[105.79654742350101,21.3823708052579],[105.79650164777634,21.3824928750182],[105.79650927671514,21.38260159428526],[105.7965169071056,21.38265690669891],[105.79658557061039,21.38269886920234],[105.79676867673001,21.38271984967523],[105.79689837637399,21.382675981131417],[105.79727984595281,21.3824165825001],[105.79784442040543,21.382206772950127],[105.79858447244519,21.381682252282204],[105.79873706053623,21.38170895525521],[105.79898883057965,21.381893968236138],[105.79956103427266,21.381903504743406],[105.79963732918,21.382016037895106],[105.799690735185,21.38227925183075],[105.799622069437,21.382601593843543],[105.79962969943269,21.382872438477655],[105.79978991703446,21.383194780404633],[105.80011035152336,21.383581972450177],[105.80036975130113,21.384001588332136],[105.80048419229611,21.38471112230985],[105.80065203870922,21.384899948922364],[105.8007538084772,21.384966548664902],[105.80080587602569,21.385000621793548],[105.80091143787713,21.385069703342257],[105.80123950151824,21.385203218528318],[105.80140734897856,21.385222290909635],[105.8015446775334,21.385174608318803],[105.80168200701367,21.385107849746245],[105.80178118901718,21.384960984914294],[105.80184222403527,21.384516572091833],[105.80201769946721,21.384413576351182],[105.80212451144145,21.384384965065458],[105.80275012154016,21.384384964589163],[105.80294085675547,21.38447461139827],[105.8032078857694,21.384507036002606],[105.80360461377096,21.38442311188731],[105.80375720151349,21.384327745124654],[105.80394793714876,21.3841198437029],[105.80434466598439,21.383339737495444],[105.80484820618521,21.383026933068056],[105.80530596929104,21.383026932706574],[105.80612994413914,21.383139466710265],[105.80691577173704,21.383072708697565],[105.80715228289999,21.38293919472737],[105.80793810995779,21.382725571463624],[105.80837476278148,21.3825754713807],[105.808736567991,21.382467825050497],[105.80915881337782,21.38234219447761],[105.81007383548969,21.381918754146966],[105.81029995963885,21.381837725879386],[105.8106846920997,21.38179860078712],[105.8113179314212,21.38188061654038],[105.81148577846135,21.381810045096024],[105.81218768273598,21.381228302332982],[105.8124318238382,21.380801056199946],[105.81246997041958,21.38056836038745],[105.81257678141495,21.380455826290348],[105.81269885260951,21.38042721702833],[105.8129582522498,21.380493973517808],[105.81316424621038,21.38060650779799],[105.81357623242044,21.381155823924317],[105.81358386153676,21.381235932661916],[105.81344653320441,21.38168034440688],[105.81340838592315,21.382145737335485],[105.81351519775727,21.382496689727166],[105.8135914920395,21.38262257476393],[105.81379748534337,21.382805680554426],[105.81413317890149,21.38285908584423],[105.81475878855844,21.383118485626973],[105.81504107674755,21.383007859388982],[105.81574298116013,21.383002137330106],[105.81606341630346,21.38274845926152],[105.81613970957068,21.382761811844382],[105.8162617799196,21.382962082439143],[105.81639147970574,21.382971619222833],[105.81652117851786,21.38276562539973],[105.81656695605179,21.38228115924216],[105.81662799098365,21.382067536552604],[105.81673480212662,21.38187489453738],[105.81687976101354,21.38177952609411],[105.81749011223381,21.38165173462138],[105.81792498796989,21.381281708105064],[105.81830645832405,21.38113675036537],[105.81845141606134,21.38066944933675],[105.81852008039212,21.380606507682288],[105.81879473847081,21.380471085643336],[105.81917620922806,21.380041931593745],[105.81974078351556,21.379929398671795],[105.8200459595434,21.379570815957106],[105.82021380598464,21.37945065331114],[105.8203969121801,21.37940678398908],[105.82103015126373,21.379450652919154],[105.82108355689877,21.3794182286787],[105.82112933386426,21.37932095473256],[105.82117511019858,21.37889943059918],[105.82128955124519,21.37864384527335],[105.82135058583324,21.37809262135749],[105.82141162078624,21.37802014245568],[105.82148791507309,21.377980088464874],[105.82180071969071,21.377993439615924],[105.82206774867393,21.377909516452252],[105.82259417717623,21.37824520888937],[105.82302142240306,21.3782566529195],[105.82352496269041,21.378199432999725],[105.82357836924908,21.378167007962425],[105.82383776895327,21.377716873430835],[105.8249516600666,21.377083633710313],[105.82523394771334,21.376870010881635],[105.82622576884874,21.37656292831752],[105.82672168021546,21.37659153787222],[105.82683612086417,21.376538131931092],[105.82730914307052,21.376452301264543],[105.82766772500676,21.376177643135666],[105.82794238272807,21.37604031377037],[105.82817889424926,21.376017426314554],[105.8284840693779,21.376107071198703],[105.82873584017506,21.376129959200917],[105.82894946322605,21.376086089708256],[105.82921649187718,21.375868652899726],[105.8294072272113,21.37544331391284],[105.8294911498886,21.37534985392663],[105.82974291934146,21.375233506076793],[105.82992602573682,21.375283097189836],[105.83020068405261,21.375651214952647],[105.83028460665679,21.375662658828723],[105.83067370537316,21.3753174289794],[105.83069659337889,21.375233506309176],[105.8304143065914,21.37481579605953],[105.8304219355396,21.37472233601658],[105.83047534137151,21.374646042102604],[105.83057452346769,21.37459645086223],[105.83094836381315,21.37453350903313],[105.83119250501434,21.374171111858384],[105.83126879876897,21.37415776091873],[105.83161212217829,21.374310348610344],[105.83177233860478,21.374283646210813],[105.83180285641268,21.37421498109403],[105.83175707945281,21.374138687216902],[105.83152819748183,21.373961304047096],[105.83147479319011,21.37387165913986],[105.83145953373857,21.373713349068186],[105.83161975091508,21.373457764176738],[105.83186986506266,21.373323328011086],[105.83197312820216,21.373290038643255],[105.8322545143438,21.373268481119336],[105.83257342483331,21.373280381179207],[105.83290148856034,21.37347683682604],[105.83306170701198,21.373520706476967],[105.83377123934703,21.373072480084016],[105.83406878643966,21.373112533457714],[105.83404589916461,21.373572205220746],[105.83470965552252,21.373505447765428],[105.83519030751897,21.373339507368293],[105.83542681838888,21.373497817521212],[105.83544970670782,21.3735741121189],[105.83537341294023,21.37385067766424],[105.83539630050493,21.374071929656353],[105.83575488322522,21.374819611015102],[105.83605242837619,21.37493023682905],[105.83602954083815,21.37520108109988],[105.83625842247561,21.375367020143344],[105.83631945804146,21.37535939056095],[105.83673144444846,21.37558636437345],[105.83686114480122,21.375595901614982],[105.83705187989436,21.37596974204084],[105.83742571960761,21.376143310791782],[105.83744860900872,21.376400802897837],[105.83761645500239,21.376593445022976],[105.83770800760134,21.37645420895325],[105.83863116471294,21.37664303563241],[105.83969927963508,21.37738690141033],[105.8399129029199,21.377386901787713],[105.83993579139677,21.377308700925198],[105.84034014939074,21.377207610723328],[105.84053088388501,21.377238128319856],[105.84071398859055,21.37713894670121],[105.84194995091967,21.377421233507114],[105.84287310775917,21.377285812883123],[105.84373523040873,21.377272460274128],[105.84391833447809,21.37722096259233],[105.84423114034712,21.37702641274286],[105.84452105669618,21.376925323412074],[105.84465838605529,21.3769157861915],[105.84478045654124,21.37695584084034],[105.84516192630855,21.377219056067407],[105.84603930678107,21.377215240325548],[105.84715319839552,21.37735638504239],[105.84809161346944,21.37577328405949],[105.84845782474689,21.374928329570203],[105.84894610547974,21.374491546306555],[105.84941912846891,21.374298904675932],[105.84966326919906,21.37433132948904],[105.85002185076577,21.374491546271486],[105.85174609437675,21.37488064519677],[105.85498858688727,21.3762386774926],[105.85557605000903,21.37643132033357],[105.85584307898048,21.37649235495471],[105.8561711432323,21.376492355450544],[105.856720458987,21.376416061197062],[105.85700274705955,21.376301620406718],[105.858139526178,21.375323150096207],[105.85856677307677,21.374806258527425],[105.85884906043529,21.374188278048337],[105.8588948374145,21.373957487990275],[105.85886431875532,21.373749587169552],[105.85794116193665,21.372170302701566],[105.85775042717798,21.371647688898754],[105.85769702204419,21.371065948101155],[105.8578877556088,21.37013516207811],[105.85823870865006,21.36915859930785],[105.85923815891508,21.367607924682744],[105.85930682371732,21.367430540786707],[105.85932208241952,21.367205473473504],[105.85924578854267,21.366902205745497],[105.85914660708616,21.36660465873046],[105.8589406131172,21.36634335284105],[105.85869647163788,21.366143081009188],[105.85831500237248,21.366000029414014],[105.85794116128778,21.36593327290501],[105.85762835675547,21.365948531052418],[105.85725451702324,21.366059158315373],[105.85686541790267,21.366331909291578],[105.85657550087343,21.366618010696296],[105.85600329586333,21.367325637052538],[105.85575915484893,21.367543075011536],[105.85553027335013,21.367684219330574],[105.85504962205903,21.367750976173102],[105.85461474604509,21.367562148146607],[105.85440112226235,21.367228362272762],[105.85420275896628,21.366721007537134],[105.85405779985719,21.364868971567713],[105.85300494396229,21.363009306510765],[105.85279132099075,21.362370344568955],[105.85268450872803,21.361552092561066],[105.85278369105067,21.360800597070423],[105.85312701375472,21.359612318495536],[105.85321856671345,21.35911450102902],[105.85314227282308,21.358918044079935],[105.85295916710439,21.358761641669517],[105.85234881529165,21.358424040843822],[105.85191394052718,21.358095976358385],[105.8517003162919,21.35781368949683],[105.85163928180353,21.35762104697907],[105.85159569515487,21.35631656756073],[105.85162402292796,21.35566219917742],[105.85168505859691,21.355458113392224],[105.85180712835364,21.35527310083454],[105.8519749752723,21.355158659996505],[105.85244799703374,21.355002257382953],[105.85289813132229,21.354765745706104],[105.8536534409157,21.35427364923864],[105.85431719951474,21.353577467057193],[105.854614745343,21.3530033558326],[105.85469866880462,21.352333876691365],[105.85453845080109,21.352001997213126],[105.85400439412783,21.35169109914135],[105.85272265485337,21.351067396299868],[105.85239459162315,21.35052380209715],[105.8522496332902,21.34982380489916],[105.85237933297202,21.349072309913176],[105.8528676142411,21.348425719594577],[105.85325671316227,21.34821209486556],[105.85573626611237,21.34759983703842],[105.85667468242339,21.347220274022035],[105.85823107800798,21.346421095194035],[105.85851336586276,21.346220823948908],[105.85874987754976,21.345993848997935],[105.85889483588774,21.345713469148034],[105.85894061225443,21.34553799304309],[105.85893298288214,21.34529385234566],[105.85885668868958,21.34511837587639],[105.8584599596789,21.34500202797691],[105.8578419787234,21.34508213575932],[105.85749865591752,21.345265242385437],[105.85710192798545,21.345604750151494],[105.85672808754306,21.345848890740637],[105.85638476493145,21.345703932106538],[105.85586596628896,21.345028730915224],[105.85556841973809,21.343787047082813],[105.8556141957017,21.342760892506664],[105.85600329490532,21.342158171267098],[105.85649157604783,21.34185871723949],[105.85692645237853,21.341374251221055],[105.85723925672137,21.34074482553816],[105.85737658626824,21.340302321019394],[105.85744525056013,21.3398273907941],[105.85764361502703,21.33931049872118],[105.85788012558734,21.33890804846768],[105.85817004253877,21.33853230090612],[105.85858205752936,21.33823276064343],[105.85883380033758,21.338049741762365],[105.85957385152236,21.337900968972487],[105.86002398575165,21.33790859735652],[105.86078692519968,21.338080259332873],[105.86132861172962,21.338253827725314],[105.86201525832645,21.338372083303906],[105.8622899161139,21.338356824582124],[105.86249591033099,21.338280530223763],[105.86302996692088,21.33799252139536],[105.86322833238454,21.337412687131113],[105.8630986318438,21.33685192655702],[105.86331988410579,21.33629116621567],[105.8641209703671,21.335306974363867],[105.86517382697734,21.33417400906241],[105.86579180753256,21.333432049886955],[105.86589861957395,21.332392545335775],[105.86594439611069,21.330803723911036],[105.86637164188834,21.329283567292144],[105.86682177574899,21.32834324381449],[105.86722613375095,21.327750058033406],[105.86776782022963,21.327259869739958],[105.8684163199808,21.326824994277718],[105.86860705427922,21.326824994408117],[105.86891223105248,21.326899380987932],[105.8694539175394,21.327360959118128],[105.86986590447954,21.32804188290554],[105.87017108089759,21.328766674809454],[105.87036181550756,21.329064221590553],[105.87075854418046,21.32951817077715],[105.87105609008671,21.329710812921473],[105.87165881281135,21.32973370089248],[105.87429858270066,21.32824406181858],[105.87544299173656,21.32784161105334],[105.87669421231925,21.327631802664],[105.87905169598774,21.32758221161016],[105.88025713949415,21.327729078007707],[105.88114214965137,21.32775196596673],[105.88312579286803,21.327624172530275],[105.88381243820176,21.327507824826025],[105.88537646333613,21.326975674749367],[105.88605547966876,21.326660961623503],[105.88708544738986,21.32606014652272],[105.88859606752038,21.32543644379038],[105.88951922507587,21.325260967001373],[105.89039660558542,21.325192303279223],[105.89104510353408,21.32526096744863],[105.89179278489013,21.32553753305545],[105.89246417118898,21.325976223037028],[105.89278460592756,21.326516003588697],[105.8957600695548,21.3275555085365],[105.89675952126005,21.3276527836875],[105.89752245992995,21.327416271004466],[105.89794207671355,21.327141613665255],[105.89859057459726,21.326138348464948],[105.89923907425583,21.32492336721676],[105.89945269695924,21.324099391915663],[105.89944506647917,21.323237269645634],[105.8993153674109,21.322483868344193],[105.89881945706061,21.321446269553622],[105.89867449880917,21.320513576505167],[105.89863635163829,21.319443553645957],[105.89865923915093,21.317801326500096],[105.89867449884072,21.317040294393998],[105.89869738686912,21.315602153349147],[105.89863635182853,21.31483730626391],[105.89830828701277,21.313704341823584],[105.89793444654475,21.312653392379847],[105.89715624839272,21.310767024773444],[105.8969044784386,21.310053676614185],[105.89682055535727,21.30947193417439],[105.89684344341224,21.308838695590268],[105.8969731437231,21.30829891548611],[105.89721728304742,21.30762562145734],[105.89755297736704,21.307053416698725],[105.89807177498626,21.306452601939977],[105.90100909265789,21.303963512079243],[105.90253497144457,21.30294307997349],[105.90356494052594,21.302391856412505],[105.90464068440986,21.302004664927313],[105.90618182210578,21.301699488745374],[105.90699816669074,21.30159649238962],[105.90802050594809,21.301525920111864],[105.90890551579632,21.30160793581844],[105.91024066054429,21.301871149639712],[105.91101885814251,21.302168696708],[105.91184283351419,21.30275997509589],[105.91334582301491,21.304432719058294],[105.91391039948637,21.304810374137183],[105.91497088426814,21.305401652002118],[105.91574908319522,21.30555423945668],[105.91644335719613,21.305548517505216],[105.91700030306463,21.305441706774356],[105.91740466142436,21.305065958846487],[105.91754199027092,21.304743616767386],[105.91754198985228,21.304121821830012],[105.91680193897916,21.30119976301996],[105.91529894857229,21.29778179434362],[105.91519213663106,21.29707988942229],[105.91523028433384,21.296713678109164],[105.91591692876568,21.295380442730764],[105.91627551152307,21.294957010271716],[105.91700793287012,21.29453167280272],[105.9174428081081,21.294373362075245],[105.91805315958722,21.29421505216853],[105.91870928766957,21.29413685067506],[105.92351580574969,21.29396900425628],[105.92430926341002,21.294066278869135],[105.92748309100753,21.295111506222437],[105.92836810159383,21.29536136799668],[105.92916918784894,21.29539188570446],[105.92987109199241,21.295292704033685],[105.9307484726234,21.294857827665194],[105.93108416655778,21.29446300744578],[105.9312291240857,21.294007150782452],[105.93127489976837,21.29351314672032],[105.93120623595607,21.293049661550764],[105.93094683649292,21.292260018938727],[105.93060351388695,21.291685906815374],[105.93027545036666,21.29135021381014],[105.92993212714315,21.291161387194585],[105.92842150694865,21.290856210608478],[105.92688036912402,21.290381281405587],[105.92604876470448,21.289946405194673],[105.92446948103671,21.28899845265078],[105.92390490516607,21.288494912604797],[105.92321826027947,21.287596552234078],[105.92297411857727,21.287031976920904],[105.92263079556005,21.285767404599284],[105.92218066130181,21.28208240695588],[105.92205859177739,21.27823528416341],[105.92198229798697,21.276177255460937],[105.92205096186466,21.274262277401625],[105.92221117976828,21.272614327150425],[105.9226384253042,21.270521966369493],[105.92300463602778,21.269432869995214],[105.92316485341166,21.26899799424852],[105.92357683986152,21.268288461411245],[105.92884112289184,21.261725273839684],[105.93000079129538,21.259884682412824],[105.93088580029307,21.257717934412167],[105.93373919433289,21.253558006557057],[105.93461657435104,21.252068367033885],[105.93837786565501,21.24722942248786],[105.93862200578013,21.246662940747846],[105.93869829983267,21.246077385242717],[105.93867541177104,21.24558147347129],[105.93856860067177,21.24510272999879],[105.93791247262752,21.243861046174377],[105.93743182059949,21.24318775206705],[105.9371571622115,21.24404796559718],[105.93649340497804,21.244755592129632],[105.93595934731124,21.245110358663748],[105.9354252895827,21.24533542596941],[105.93499804393308,21.245405997822164],[105.93396807568551,21.245411720369116],[105.93086291186052,21.245100822224007],[105.92728472576455,21.244891014118927],[105.92629290470514,21.244717444835015],[105.9259419523012,21.244309272967108],[105.92595721103626,21.24362262667699],[105.92655993359723,21.24231990804568],[105.9275059784302,21.241003838062255],[105.92787981816925,21.240227547194642],[105.92780352431996,21.239771690046457],[105.92763567776649,21.239294852397787],[105.9273457604494,21.238880958966426],[105.92694903229027,21.238499488823415],[105.92617083433232,21.237969246165672],[105.92494250148273,21.237236824236042],[105.9234089930377,21.236441459377637],[105.92269182988197,21.23594364180763],[105.92208147835593,21.235434379796814],[105.92158556702292,21.23508533494106],[105.92116595079825,21.234885062818513],[105.92095232852215,21.234619942155486],[105.92079974001807,21.234499778474316],[105.92056322944956,21.234423484610772],[105.92053271114887,21.234244193845218],[105.92041064079528,21.234173621881144],[105.92043352954543,21.234026756008205],[105.9203648638807,21.233700599553483],[105.92034960531801,21.23334583316977],[105.92044878845061,21.233239020703316],[105.9203648639734,21.233116950869555],[105.92032671692897,21.232735480716606],[105.92034197657455,21.232590523013265],[105.92049388724175,21.23236610843725],[105.9204643419365,21.23222823245895],[105.92037249424196,21.231997336523676],[105.92019701801489,21.231797065368863],[105.91992235883997,21.231560553578454],[105.91967058869623,21.231407966425493],[105.91954089040937,21.231180992123384],[105.91933489607268,21.2309902567167],[105.9192920796738,21.230958145071465],[105.91927386065271,21.230944480614344],[105.91902972048058,21.23112758606809],[105.91891527909132,21.23111232791862],[105.9187917948078,21.231146628522104],[105.91877795030386,21.23115047494594],[105.91876859239595,21.231141656647488],[105.91857958566086,21.230963553617993],[105.91809893443975,21.231200065759584],[105.9180690198824,21.23120006575136],[105.91798449302553,21.231200065920863],[105.91774035273184,21.230999793672243],[105.91764117046775,21.23104556970987],[105.91751910057025,21.231034125474835],[105.91727495885749,21.23126491474272],[105.91669512638528,21.231402244577406],[105.9162758662046,21.231623884472505],[105.91596270442619,21.231789436125155],[105.91572619199215,21.231938208657553],[105.91544390490883,21.232216682042548],[105.9153523520017,21.232241478033828],[105.9152410113986,21.232236664290042],[105.9143376434174,21.232197608497003],[105.91415905389921,21.232203882131135],[105.91341448629215,21.23223003376764],[105.91317797523298,21.232184257312515],[105.91307879197795,21.232092704703142],[105.91278124586495,21.231619682044833],[105.91260576975496,21.231453742552766],[105.91242266485912,21.231037941260958],[105.91133166126835,21.23169216167761],[105.9112095911306,21.231552924520322],[105.91050768749881,21.23174365982363],[105.91038561575303,21.231734122654164],[105.91033220986137,21.231617775287468],[105.91009569905349,21.231617774948628],[105.90998888817879,21.231530036832755],[105.90950823603062,21.231564369056915],[105.90940905452386,21.231503333966998],[105.90909624926739,21.231119956970815],[105.90900469584027,21.23104938494184],[105.9089055140621,21.231037940903235],[105.90872240778131,21.231093254293498],[105.90834856760019,21.231322135672873],[105.90815783286006,21.231366004851317],[105.90663195412233,21.232188071990663],[105.90652514317117,21.232254828853982],[105.90627337336922,21.232155647389042],[105.90605975007732,21.232012596359844],[105.9058690149828,21.23175510393515],[105.90605974996924,21.23157390590459],[105.9056172452283,21.231228676338706],[105.90541887967977,21.23111995726204],[105.90548754462085,21.230879631260294],[105.90522051607044,21.230631676424217],[105.90594530918611,21.229700889586073],[105.90605212028811,21.229513969172025],[105.90634203670848,21.229239310656364],[105.9064793664095,21.229317512289313],[105.90660143651218,21.229191626731076],[105.90598345631832,21.228691901827855],[105.90563250265139,21.228363838154923],[105.90541125129803,21.228083458136208],[105.90482378784802,21.227579917870642],[105.90451861201124,21.227520790351473],[105.90424395359994,21.22740634878526],[105.90425921142604,21.22701152773305],[105.9041295125967,21.226616707235554],[105.90374041375897,21.225884285268798],[105.9035954545788,21.225060309651518],[105.90364123039303,21.22379573783132],[105.90385485438237,21.223126258863356],[105.90399218386118,21.222925986736577],[105.90436449393165,21.222623483371326],[105.90444994652329,21.222554053820716],[105.90462542239364,21.222452964312634],[105.90497637571569,21.222346153055568],[105.90522051612967,21.222325171537427],[105.90599108470944,21.222481574379877],[105.90692187079614,21.22316631263265],[105.90810442652415,21.22415050454225],[105.90854693161769,21.22458538032605],[105.90892077203942,21.224848595105154],[105.90918780125929,21.224945868726937],[105.9095158650805,21.224991645669693],[105.90979052331666,21.22492298113307],[105.91049242796528,21.224402274870524],[105.91103411438085,21.22344669239942],[105.91114855588717,21.222548331429284],[105.91130114375517,21.22198184993214],[105.91143847254122,21.22150691947818],[105.91171313074868,21.221070136216056],[105.91381884382385,21.21905597645723],[105.91417742497943,21.2186439891803],[105.91447497170729,21.21815761567177],[105.91502428742298,21.21618732309223],[105.91525317010034,21.215578879310005],[105.91540575740898,21.214808310307212],[105.91550494004582,21.21386035831654],[105.91558123357163,21.210270727514924],[105.9155507156099,21.20941814319133],[105.91536761017296,21.208809698449286],[105.91514635736041,21.208491171733336],[105.91480303533292,21.208180273685954],[105.9144826006619,21.208126867551268],[105.91352892648362,21.2082680123376],[105.9132542686316,21.208268011605437],[105.91206408281538,21.208100164654205],[105.91121721966728,21.207924688879178],[105.91032458067272,21.207632864692016],[105.90998888769775,21.20741733423587],[105.90992022257437,21.207329595722292],[105.90983629950466,21.20697673661932],[105.90987444651587,21.206551398036993],[105.91028643373281,21.205874288928765],[105.9112782539668,21.204813803595528],[105.91188097703888,21.20435985523259],[105.91355265887697,21.203589022778345],[105.91359759058128,21.203568305148384],[105.91368914346697,21.203480566430454],[105.91374254901683,21.20335277467154],[105.91375017816611,21.203055227262762],[105.91358996137623,21.202824439015128],[105.91343737365386,21.202709997473494],[105.91328423103745,21.202624184672285],[105.91210985790514,21.201966131277985],[105.9111485552187,21.201161230862997],[105.91095019050783,21.201067770383876],[105.91049242762581,21.20092472000277],[105.90969897027055,21.2008026484483],[105.90857744866457,21.200789297767038],[105.9078755440929,21.200850332733896],[105.90745592827514,21.200932348705457],[105.90691424097466,21.201073492459365],[105.9056935385499,21.201527442101455],[105.90496874515333,21.20193179965675],[105.90453387036318,21.202303732578095],[105.90440731318026,21.20237735491393],[105.90413714152339,21.20253452197215],[105.9037633012537,21.20260890854807],[105.9029469562014,21.20243915498399],[105.90271807386104,21.202364767925708],[105.90251970864799,21.202196921080848],[105.9024815625299,21.201905096938],[105.90252733913562,21.201559866831413],[105.90264178028107,21.20119556255996],[105.90287066171469,21.20076259528502],[105.90432024717242,21.19923480851565],[105.90455675785982,21.198897207727036],[105.90541124983628,21.197409475750643],[105.90608263662796,21.195834005492898],[105.90660143623037,21.194575155899997],[105.90698470406379,21.19342357786867],[105.90701342282193,21.193337286662924],[105.9070310299554,21.19317746929561],[105.90711260460934,21.192437017241783],[105.91219378228915,21.192343557445554],[105.9121403756406,21.19099887591182],[105.91218615186891,21.190964544584478],[105.91239214552857,21.190232122535832],[105.91315508467791,21.190081442285774],[105.91384173048488,21.190138662526614],[105.91603136718761,21.188811147915356],[105.91521502131896,21.187250936404197],[105.91606948362369,21.186955589829978],[105.91609240169888,21.186947668171033],[105.91789008160029,21.18552263156744],[105.91792345699984,21.185496175813153],[105.91973925246184,21.18453868634756],[105.92282152772908,21.183075749650058],[105.92365313150732,21.182734334707458],[105.92118883774977,21.179560506703524],[105.92017412753111,21.17834171070664],[105.92163134250507,21.17700847333103],[105.9210896552696,21.176466786756066],[105.92087603205037,21.176131093452952],[105.92084551442666,21.175959431415954],[105.92087603237711,21.17545398427625],[105.92118883743441,21.173706853067607],[105.9180836736708,21.173565709400044],[105.91815996751026,21.171606862520413],[105.91687060067687,21.17157825207185],[105.91700029923547,21.169651829786257],[105.9172673284728,21.169335210400167],[105.91741991654145,21.169442020936685],[105.91748858105939,21.169447742956113],[105.9179081975682,21.169144475372015],[105.91737413992904,21.168810689347232],[105.91733599275625,21.168642842262294],[105.91737414058001,21.168238484262112],[105.91732073452151,21.168066823270006],[105.91713762853504,21.167795978790124],[105.91714525859071,21.167679630991756],[105.91751146950449,21.16694530199921],[105.91757250437722,21.166539036975674],[105.91774035146268,21.166066014114282],[105.9178547914601,21.165875279321238],[105.91815996755396,21.165770374920356],[105.91822863244444,21.165713155400894],[105.9183583321731,21.16529544497142],[105.91912127148868,21.163426244197723],[105.91927385892514,21.163187825098017],[105.91983843405337,21.163176381066886],[105.92040300870833,21.163340413020755],[105.92092180832185,21.163351857162667],[105.92213315298564,21.163472261529343],[105.92223454392717,21.163442086427345],[105.9227376042903,21.16305431057156],[105.92284441473086,21.16276820764974],[105.92292833876076,21.16166194593429],[105.92107439621267,21.15963061993461],[105.92092943712873,21.159293018283325],[105.92074633240249,21.158184849769963],[105.92028856789135,21.15643581083464],[105.92019701580975,21.156241260984764],[105.91989184009124,21.155896030380905],[105.91954088745527,21.15541156500764],[105.92215776945598,21.151720844229395],[105.92342424825215,21.147288166558116],[105.92349291371667,21.14731486938021],[105.92559862627391,21.146973452760538],[105.92559644093593,21.146787492499787],[105.92517138069685,21.145119509856162],[105.9264302309261,21.144455753099216],[105.92636919541782,21.142535053190972],[105.92506456862091,21.14157756355001],[105.9262547546915,21.140343508580607],[105.92516375015306,21.13942035270444],[105.9238286065777,21.138184390740946],[105.92536211481968,21.136380038225415],[105.92517138000674,21.13449557883283],[105.92454576939842,21.134299121805192],[105.92291307910949,21.133866152623067],[105.92186785239711,21.13535007032846],[105.92034833407823,21.13408595183856],[105.9203572319513,21.13408168392153],[105.91781664430245,21.13197978536382],[105.91927385838576,21.129910311952468],[105.91558123108362,21.127056918910483],[105.9146351855408,21.127737841947354],[105.91278887310366,21.126513324260173],[105.9140324634282,21.124270282060852],[105.91475725559832,21.12287028796817],[105.91478014373759,21.121970018938452],[105.91558123059754,21.122071109196387],[105.91557360203612,21.118973573980202],[105.91568942724622,21.118984916193646],[105.91620684067729,21.119057498565425],[105.91678628762725,21.11909232796094],[105.91722917929235,21.119135698842108],[105.91745985809914,21.119132816291533],[105.91760301951146,21.11914142123608],[105.9176822397121,21.119130036482154],[105.91783953190368,21.119128069682855],[105.91887712871016,21.1189583156626],[105.91917467526798,21.119038424521456],[105.91922570145373,21.119037237243734],[105.91928148641534,21.119049868121323],[105.91940320434362,21.1190331098376],[105.91950273938038,21.119030795457277],[105.91963175179968,21.119001643006975],[105.91980791478666,21.11897738868592],[105.92148638210926,21.118582568446357],[105.92244768556448,21.12068446643907],[105.92255449764835,21.121483645456937],[105.92339373048085,21.121073565115715],[105.92417192875067,21.1205566743129],[105.92363787216735,21.119841417718646],[105.92334795477268,21.119963487772083],[105.9214406054538,21.116688571355244],[105.92553759079871,21.114201387375534],[105.92501116245938,21.113121828266287],[105.9272313158412,21.11177333243558],[105.92803240248773,21.11250575502717],[105.92888689472142,21.112227281209645],[105.92939043495339,21.11261638078228],[105.93009996828923,21.11177142519723],[105.93020677960764,21.111592134773748],[105.93089342579923,21.110970339824693],[105.93112230738978,21.110314211177844],[105.93124437732442,21.110113939495704],[105.9312901530868,21.109553178807996],[105.93121385946024,21.109206041260947],[105.93124437739867,21.109108766647964],[105.9310040313663,21.108886814105887],[105.93088743109261,21.108751407320913],[105.93289232658317,21.107312044013387],[105.93329703902326,21.106998796495933],[105.93368578376541,21.10671885850945],[105.93384600047023,21.106573900357972],[105.9341822495526,21.105954148950783],[105.93424051067959,21.10586008100227],[105.93423510065338,21.10585673750836],[105.93472338181769,21.105080446096775],[105.93475389826979,21.10487636032837],[105.93394518367339,21.10407336652793],[105.93463182851455,21.103373368918565],[105.93425035792339,21.103026231228878],[105.9342351005097,21.10291179099081],[105.93521929103304,21.10188373005378],[105.93533373201053,21.10198291197069],[105.93640184813515,21.101641496079637],[105.93598985998912,21.10043033030343],[105.93498278058968,21.09804805140981],[105.9348835978994,21.097716173002176],[105.93481493402786,21.097254593981972],[105.93469286290502,21.096840699615676],[105.93455553371783,21.09658511500747],[105.93494463287702,21.096171219305813],[105.93564653777567,21.09526332240762],[105.93572283119822,21.09522708223556],[105.9358220144788,21.095261414915264],[105.93595934346372,21.09523852694341],[105.93612718929741,21.094094117799393],[105.93657732420395,21.093163331902765],[105.93811846096725,21.093895753967455],[105.93887377153582,21.092516739849113],[105.93884325428931,21.092463334634925],[105.9393086473308,21.09150012366151],[105.9402165453782,21.089983780101115],[105.94091082034753,21.08904345805583],[105.93969011690123,21.087874252817592],[105.93935442271935,21.087706406413623],[105.9399113684581,21.08487590128701],[105.94023943308422,21.083411056900005],[105.94454241145314,21.085367997093613],[105.94528246290507,21.085097153399488],[105.94569751084111,21.084997097119295],[105.9457097089843,21.08499415640811],[105.94732714086992,21.085736115361616],[105.94808213201601,21.086157240196453],[105.95491838829672,21.089970428957933],[105.95793199897355,21.09125788930281],[105.9599385299761,21.088324386686544],[105.96200609600425,21.077931243338767],[105.96369982082267,21.077538330311086],[105.96602678690476,21.075877028925866],[105.96720934301717,21.074580032404114],[105.9674382246468,21.074398834007397],[105.96891069791191,21.073582489316504],[105.96836901032117,21.072048980089264],[105.97689867359055,21.07025607217454],[105.9781510467847,21.070089638287786],[105.97834825910282,21.070063429913183],[105.98038530666201,21.06994326625057],[105.98474932035657,21.069922286575384],[105.98585808656834,21.069982182267914],[105.98612261148402,21.07001956012798],[105.98620596641956,21.07000097472378],[105.98626757014156,21.070004302517784],[105.9864048989677,21.069956618465042],[105.98976183281263,21.069533186346284],[105.99363756444455,21.068953351816425],[105.99382067065413,21.069037275951533],[105.99559831984645,21.0706566153113],[105.99764299691557,21.072716550837562],[105.99848985955268,21.073437529135155],[105.99951219862349,21.074463683262653],[105.99962664019176,21.074004012084934],[105.99981737516596,21.073376494250844],[106.00022173249461,21.07260592548804],[106.00043535601971,21.072026090912853],[106.00121355366127,21.069107848168816],[106.00212145175485,21.06952555649629],[106.00469255825023,21.06572039664833],[106.00641680046013,21.063303785231064],[106.0066609418109,21.063046293895376],[106.0079045323846,21.063845472838402],[106.00795030915845,21.0639160446332],[106.00845384998554,21.064274625234248],[106.00859880770993,21.064301328735507],[106.00880480134167,21.064184980880636],[106.00908708902784,21.063689069410177],[106.00904894203555,21.063658552347416],[106.00909471872356,21.06349261248399],[106.00898027807256,21.06339724579909],[106.00920153020861,21.062830762367085],[106.00915575412037,21.06274683946078],[106.00978136388503,21.062067823542694],[106.00914812323208,21.06122668268424],[106.00859880809233,21.0601642893645],[106.00830889021522,21.0593231486116],[106.00817919059644,21.059141950036533],[106.00784349775667,21.058857755542107],[106.00728655118381,21.05825694032166],[106.00717974016304,21.058073835567985],[106.0070500410276,21.057684736086504],[106.00810289636075,21.05690463010638],[106.00822496790575,21.055498914527924],[106.00869036042435,21.055533245769983],[106.0092778238648,21.055792646098517],[106.00974321616715,21.056328610887796],[106.01011705773692,21.057152585026483],[106.01320696112784,21.056382017103772],[106.01440477687177,21.055939512167395],[106.01374864892695,21.0537365240493],[106.01539659829935,21.052748516468625],[106.01397753047027,21.050904110375],[106.01929521875826,21.047835186674764],[106.02000475231108,21.04752238133004],[106.0197453523575,21.04556353438564],[106.01973772307662,21.045168713273917],[106.01976061139781,21.04382975420332],[106.0198979405368,21.043186978631077],[106.01985216406861,21.043101147062206],[106.02005052860555,21.041443661537002],[106.01948595327093,21.039543942212955],[106.01946603497521,21.039547854306694],[106.01946306478324,21.039538220051362],[106.01937914237622,21.039564923225768],[106.0192494420636,21.039065196987096],[106.01901539612321,21.039154793237824],[106.01645708271022,21.034405544782036],[106.0162434597925,21.034506633851294],[106.01481676366532,21.03244097575843],[106.01293993230694,21.030392482881805],[106.01273393904893,21.03023989463581],[106.0069831146443,21.0289799416259],[106.00644422864609,21.028854220805172],[106.00884294746686,21.02533610229173],[106.00947618642756,21.024342373244483],[106.00695085717419,21.024229840201574],[106.00457811511905,21.02202875853929],[106.0037007352975,21.018866374582785],[106.00425005145173,21.018645123067866],[106.00401354075416,21.01799090170066],[106.00341927351825,21.01740039649832],[106.00372362319435,21.017084911751287],[106.0062184357162,21.015059307304412],[106.00489285904054,21.013841057439034],[106.00488336345506,21.013819693513337],[106.0054173487412,21.013434245030467],[106.00461626216867,21.012244060083543],[106.00444533190615,21.01170339974349],[106.00535631350475,21.011526897176978],[106.00616502943402,21.011513545048093],[106.00649309330832,21.011553600432478],[106.0068898219068,21.01166804130675],[106.00739336260267,21.011900737352697],[106.00936174527118,21.012402370180556],[106.00965166239328,21.01240237063901],[106.00985765579094,21.01233561292657],[106.00997972636732,21.012228801288476],[106.0099644681583,21.012175395037453],[106.00995323680334,21.012174167463424],[106.00994920901557,21.01216585974179],[106.00984239728473,21.0121620438939],[106.00983476839859,21.012129619327045],[106.00988817451965,21.011948421028613],[106.00989580288136,21.011719539339968],[106.00991869072317,21.011633708149546],[106.01013231402501,21.011530712034023],[106.01017046073471,21.011301830639884],[106.01036119605446,21.010796382434776],[106.00894212899418,21.0104969294207],[106.00873613524749,21.009669139360774],[106.00846147671763,21.008242442051284],[106.00489091987147,21.008503749183166],[106.00482225644778,21.007918193093705],[106.00369310456516,21.0079010274747],[106.00354814702965,21.007855251578732],[106.00210619057188,21.007744624273347],[106.00120592315935,21.007466152307547],[106.00122881097451,21.00700075962009],[105.99982500214854,21.006785227916353],[105.99909257958919,21.006619289369834],[106.00005388427795,21.003548458557905],[106.00122118143474,21.00031550213339],[106.000130177685,21.000243021622342],[105.9998478903403,20.99926836677078],[105.99813890568657,20.999802425199878],[105.99641466256465,21.000763728229376],[105.99461412605636,21.001355007164726],[105.99417924941504,21.000128581583347],[105.99399452677636,21.000195457857995],[105.99189806110799,21.000954463152407],[105.99079942823732,20.998965099237434],[105.99003648884835,20.99824602818713],[105.98935747288135,20.99900324627972],[105.98883104454616,20.99851115049087],[105.98767900578824,20.997727229337347],[105.98761797050282,20.997652843528833],[105.98760271198235,20.99744494236008],[105.98749590092424,20.997334316171013],[105.98693895488866,20.997073009195514],[105.98638200816526,20.99694140228681],[105.98514604685468,20.996807887322166],[105.98305559280045,20.996836498235744],[105.98192644233701,20.99711115596762],[105.98143053164158,20.997155025318843],[105.97891283173122,20.99843294840152],[105.97773790488256,20.999419048644402],[105.97722673589783,20.998987987760444],[105.97627306056613,20.99787218870802],[105.97580003845981,20.998148754520013],[105.97575426287534,20.998144939197203],[105.97554063910358,20.997910335561766],[105.97352647861454,20.996310069164437],[105.97297716277309,20.99629862569995],[105.97235155271494,20.99672587124312],[105.9720997819543,20.99655421019334],[105.97214555879228,20.996014430271906],[105.97122240127304,20.995199993887855],[105.97171068258785,20.994665935345957],[105.97168016575137,20.994520976668504],[105.97253465688273,20.993536785604206],[105.97263383971925,20.993281200135836],[105.97279405661268,20.991997554534464],[105.97284746183706,20.991993739601064],[105.97284746188895,20.991892650241457],[105.97268724547328,20.989956691047755],[105.97267363239574,20.989909897467513],[105.97266435729769,20.989804103210595],[105.97263454402722,20.989775533074376],[105.97262621048998,20.989746883367673],[105.97259458720917,20.989737240493223],[105.97257280423602,20.98971636494368],[105.97242784650696,20.98967440394068],[105.96922349998944,20.988709285796595],[105.96917009381393,20.988625362660283],[105.96894121169207,20.988941982410307],[105.96702623411761,20.990992381967377],[105.96603441358762,20.990382030994454],[105.96546704587035,20.990968059751914],[105.96462297492027,20.990534618717813],[105.9622883798185,20.989245250996312],[105.96217393946058,20.989186122160643],[105.96205949822182,20.989184216024462],[105.9618077281116,20.98833544549539],[105.96319627764298,20.986889675289707],[105.9642262464172,20.98573572976898],[105.96383714692145,20.985474422307895],[105.96448564573952,20.98449976704916],[105.96558427896807,20.985064341950633],[105.96563768429873,20.985030010588893],[105.96558427873943,20.984141185009868],[105.9650883682016,20.983982875440585],[105.96514940269499,20.983622386565433],[105.9642567643561,20.983235195240553],[105.96316576092308,20.98229487201494],[105.9627461436844,20.98235399962392],[105.96237230379575,20.981531932141042],[105.9623036387795,20.98153193191306],[105.96224260355814,20.98137934390394],[105.96275377297896,20.98131830929345],[105.96347856577948,20.980179622278193],[105.96343278898904,20.980147197145442],[105.96180009879895,20.97593577061752],[105.96181535793559,20.97588045822348],[105.96358537652115,20.974783732875018],[105.96292924837924,20.97352488297373],[105.96517229083183,20.97247965604279],[105.96566820178101,20.9679325357882],[105.96489763288157,20.96792490695347],[105.9649662969059,20.96586115597442],[105.96459245584596,20.96360666913794],[105.9644856451136,20.963400675770117],[105.96331071862748,20.96348650611065],[105.96207475615547,20.963900400387963],[105.96174669275,20.963166071095035],[105.96164751037813,20.96316034992601],[105.96064042986124,20.963551356263977],[105.95964860971453,20.964169337302792],[105.95979356755117,20.964657618514615],[105.95917558593962,20.964857889990316],[105.95909166353542,20.966023280926905],[105.95700120954102,20.966158701834367],[105.95655107484602,20.965977503658756],[105.95674943930482,20.96750910528893],[105.95618486482965,20.967570140208558],[105.95585680035241,20.96594889422652],[105.95500230691341,20.96615679523722],[105.95524644807936,20.967539623066237],[105.95523881891712,20.968092754195094],[105.95269822994429,20.96841890997335],[105.95204973237176,20.968226267867692],[105.95206499158462,20.968016460018337],[105.95131731021633,20.96780855944349],[105.94915056266028,20.96763689678253],[105.94874620434135,20.967634990365703],[105.94854784067344,20.968046976787402],[105.9491581909614,20.96855623900833],[105.9487233165764,20.96889956217554],[105.9485859875479,20.96948511814888],[105.9386197323628,20.9676950628839],[105.93838548667244,20.969370677244747],[105.93809556932565,20.96957094949195],[105.93756914162799,20.9697197227707],[105.93642473188083,20.96948702621394],[105.93635693864748,20.969552867615423],[105.93635606706741,20.969551875844783],[105.93232011868771,20.973473384522304],[105.93222856539684,20.973484828761986],[105.93017675022489,20.972556627181522],[105.9301457406019,20.972542598338006],[105.93011932517538,20.972551841696554],[105.9248967173355,20.97437937571982],[105.92491960546462,20.975733593220706],[105.92447709990849,20.975741222691006],[105.9230351447841,20.975663021381052],[105.92320299157987,20.974791363371725],[105.92320299150853,20.97457011067242],[105.9202046388016,20.974572018143128],[105.92027330468342,20.97562487522],[105.91890001365148,20.975718334941824],[105.91890001333284,20.975172832850177],[105.91574907358223,20.975098446606594],[105.91561937359971,20.973837688737593],[105.91549730295046,20.973519161907944],[105.91538286220202,20.97352488429549],[105.9151844967522,20.9722488671129],[105.91387224192336,20.972264126096544],[105.91362047169011,20.97081454070139],[105.91278123854482,20.970862225509592],[105.91263627960339,20.969321087310604],[105.90943956277287,20.963686779095944],[105.90888261781079,20.962519481799063],[105.90885209966179,20.9624279292766],[105.9088978755727,20.96239741202148],[105.90854692363189,20.961565807623657],[105.90856218314276,20.961499050473318],[105.90882921195504,20.961355998467834],[105.90858507105634,20.960961177823258],[105.90836381830181,20.96102984271184],[105.90808153093627,20.959633663777314],[105.90760850883112,20.958084895434006],[105.90700578541964,20.958079173551972],[105.90667009230624,20.95640261511208],[105.90654039274051,20.95551379068138],[105.90613603480753,20.954188182298505],[105.90627336495089,20.954148128848445],[105.90563249487649,20.950764491205156],[105.90507554974808,20.949715450223053],[105.90358018758926,20.947201564583],[105.90563249415267,20.94578440390395],[105.90827226479655,20.94383318681987],[105.90963029703313,20.942742182939078],[105.9104466424173,20.942169978149614],[105.91056108278056,20.94198496567722],[105.9107289303928,20.94170077095245],[105.91069841216346,20.9415863297752],[105.91191911616167,20.939024760424406],[105.91198777977094,20.93879015668451],[105.91223545886882,20.938422176572566],[105.91225480916786,20.938393427771697],[105.91228672906904,20.938396541809734],[105.91256761444828,20.938423946179753],[105.91352891835197,20.938086344668953],[105.91362047143555,20.937947108756394],[105.91468858622795,20.937386347879634],[105.91472174603211,20.937392724798034],[105.91478776848042,20.93740542199443],[105.91474199195558,20.93738253227405],[105.91523790238179,20.937086893665647],[105.91495561465668,20.93671305364409],[105.9147648801241,20.93640024846436],[105.91454362751193,20.93587191221949],[105.91437578068003,20.93567736370567],[105.91239213815969,20.932431055428673],[105.91074418880427,20.929516627669894],[105.90911149726732,20.926523997526896],[105.91252183747056,20.92491991589462],[105.91490983762112,20.92294962553705],[105.91623735226307,20.92116243966856],[105.91629075856257,20.919171167916023],[105.91568040646283,20.917664361976748],[105.91410112142421,20.915703607924705],[105.91316270596728,20.91476328525206],[105.91051530642191,20.912819696662613],[105.90657853809792,20.9100445037589],[105.90280961727963,20.907860589502658],[105.89972734225368,20.90511210053461],[105.89840745647685,20.904023004946126],[105.89714860698702,20.90286524393212],[105.8958134624144,20.901295495586496],[105.89541673345387,20.90054209357708],[105.89489793442304,20.89875300108971],[105.89473771816424,20.897841287251794],[105.89469194206508,20.89694483342428],[105.89488267673684,20.89564020716778],[105.89560746894631,20.894081903404047],[105.8966526953831,20.892491173981142],[105.89827012791977,20.89091761135102],[105.90049028189313,20.889777017061633],[105.9094548198485,20.88661463249752],[105.91490220728447,20.883887123769448],[105.92360734595891,20.87903673639453],[105.92486619631075,20.87822420463764],[105.93055009536674,20.874598334379996],[105.93126725777927,20.874075721714807],[105.9330601660761,20.87231333132472],[105.93397569349085,20.87098390986704],[105.93536424270079,20.868611167776333],[105.93574571351881,20.867724250434858],[105.9359669649393,20.867089102951486],[105.9361348118063,20.866257499476923],[105.93636369401348,20.8643787613968],[105.93663072183699,20.861342261098596],[105.93666123942545,20.85907060877992],[105.9361271818077,20.85607607152761],[105.9354252777046,20.854470083616867],[105.93419694556077,20.852513144796966],[105.93303727730923,20.85111505782747],[105.93195390353505,20.850054571370656],[105.930527206902,20.84923822635549],[105.92849778701815,20.84821398026769],[105.9220280607016,20.84547693577106],[105.91899156074565,20.843479941663286],[105.91649674893351,20.841292212834023],[105.91525315843094,20.83986170084092],[105.91355943153889,20.837036917923957],[105.91266679332875,20.83491785326909],[105.9117512658861,20.831604788330075],[105.91155290164117,20.83053858053721],[105.91135453667152,20.827996084455833],[105.91133164859546,20.826817342987475],[105.91140031307177,20.823122809103232],[105.91157578932044,20.82131082706364],[105.91193437053819,20.81913454309035],[105.91251420400704,20.816740820222655],[105.9164357133458,20.804711171012126],[105.91929673537747,20.79720575374211],[105.92200517109433,20.79260522810533],[105.92314957959755,20.79092294768833],[105.92474412336759,20.789143391532857],[105.92675828354663,20.787361927273622],[105.92845963825413,20.786223239821375],[105.92975663522486,20.785479373722822],[105.93740891815207,20.783301181591078],[105.94894456296045,20.78165132458034],[105.95376634006998,20.780813998177994],[105.95748185506426,20.78007394740051],[105.96168565138726,20.77877122783236],[105.96418809259863,20.777510470025643],[105.96641587692399,20.7754963095557],[105.96836900114447,20.77237016537912],[105.96896409321774,20.770922487819984],[105.96947526373337,20.769453829164373],[105.96945237547303,20.767748658915597],[105.96916245798542,20.765637224414977],[105.968117231031,20.760817353732204],[105.96793632244368,20.75920093691874],[105.96773576127448,20.757408922268937],[105.96768235513981,20.750452821997868],[105.96859025254004,20.742708985342375],[105.97013901950736,20.73457414294855],[105.96791123656217,20.733042542289372],[105.96582841099553,20.731840913143923],[105.9659123355131,20.73167497256049],[105.96597337017991,20.731398407467097],[105.96595048223723,20.73119622870039],[105.96580552346701,20.730963531735455],[105.9657902644516,20.730845277246523],[105.9658741878667,20.73067552284633],[105.96569871200802,20.730379883613164],[105.96572160009985,20.73000032093704],[105.9654011651412,20.72965890570033],[105.96424912677548,20.728689972997934],[105.96308945938806,20.727917497069726],[105.96238755399159,20.72716027853673],[105.96215867277756,20.726429764682013],[105.9621052669191,20.725672547032612],[105.96202134234902,20.723425690619997],[105.96218919023022,20.722710434810743],[105.96280717113088,20.720185104912286],[105.96409653905341,20.716984572926446],[105.96454667290647,20.71541291852013],[105.96516465335272,20.713475051888057],[105.96631669260248,20.710415664733585],[105.96642350354917,20.709973159600462],[105.96670579149401,20.70955926498589],[105.96709489026826,20.709324660551022],[105.96738480717282,20.709008041304084],[105.96884202134842,20.70682031199774],[105.97148942152475,20.70184976144252],[105.97204636764299,20.701117339376854],[105.97308396422014,20.700161757085755],[105.97440385035999,20.699475112592296],[105.97596024574116,20.698998275532762],[105.97836350634458,20.69884377958051],[105.97922562705492,20.698857131018457],[105.98265885554076,20.699700178883056],[105.9847950854909,20.700421157470025],[105.98609971220164,20.701046767331224],[105.98731278527409,20.701769652066847],[105.98830460733693,20.702587905503105],[105.98828453600477,20.702591430036698],[105.98942612796246,20.703556837643244],[105.99174546412821,20.7039363995871],[105.99430894030846,20.704174819277693],[106.00047349115779,20.703896345738748],[106.00334214342561,20.70380479308219],[106.00279282762627,20.70154076921622],[106.00062607926415,20.700373472813087],[105.99902390634277,20.69956475650362],[105.99864243653919,20.699322523333237],[105.99855088328347,20.699143232981527],[105.99856614231236,20.698958219491182],[105.99830674315912,20.699013532803896],[105.9978260916135,20.698857130838785],[105.99694871175878,20.69834023856506],[105.99575852553087,20.69749528401895],[105.99574326616013,20.697443784755578],[105.99593400099883,20.69709092567848],[105.99805497273904,20.693510832284947],[105.99771164978748,20.693222822808014],[105.99785660949631,20.692330183138488],[105.99633073041934,20.69166451804438],[105.99279832028438,20.69001656923945],[105.99210404518531,20.689728559184548],[105.99070023625845,20.689255537184565],[105.99160050467064,20.686924757573948],[105.99212693282281,20.68573838647249],[105.9931263842951,20.685921491584136],[105.99327134230035,20.685610594009358],[105.99491929148714,20.685616315831766],[105.9941105758166,20.68331033080552],[105.99423264617188,20.68317681722176],[105.99540757279576,20.68229562181467],[105.99604081279442,20.68156320041748],[105.99737595691637,20.67867738075854],[105.9974338934247,20.678564807457338],[105.99750565599854,20.67841035149675],[105.9946827796621,20.67732697820104],[105.99415028651708,20.677595644944613],[105.99360078000637,20.677899897103632],[105.99229477932639,20.678704083706194],[105.99295090767943,20.67948037490862],[105.99412583497497,20.680580915149484],[105.99447678719159,20.681036772082603],[105.99433945740712,20.68128472712898],[105.99424790445886,20.68136674327792],[105.99320267746553,20.682087721218963],[105.99268387827512,20.681404890236458],[105.991058818073,20.682400526226672],[105.98941849800195,20.682574095511125],[105.9892193585348,20.682584844250805],[105.98917435821575,20.68258935286474],[105.98907359216506,20.682592712108747],[105.98874711075905,20.682610334133347],[105.98873300590894,20.682604065624506],[105.98871659358,20.682604612283985],[105.9887074569588,20.682592710080847],[105.98867844712055,20.682579817349996],[105.9885716351455,20.68241578499816],[105.98750351980702,20.681784451921402],[105.98731961484022,20.681658274927823],[105.98728226800608,20.681635679077438],[105.98580216494105,20.68061715496171],[105.98569535411637,20.6805809150935],[105.9849400434375,20.680540861137846],[105.98481034317217,20.680489362228087],[105.9802327068528,20.675728620397393],[105.97843979867369,20.673718274999835],[105.978416909899,20.67355042842951],[105.97845505690361,20.673321546332467],[105.9789585971331,20.671868146941808],[105.97897385620826,20.671706022013353],[105.97866105109658,20.669550718309168],[105.97835587500707,20.667973341136694],[105.97809647632604,20.666945279939984],[105.97773789399442,20.666014493908907],[105.97757767702997,20.66570741060653],[105.97740220122431,20.665711224643715],[105.97724198382342,20.665640652882562],[105.97604416943496,20.66542512293958],[105.97103928566676,20.66523438770432],[105.96913956694553,20.665127576849645],[105.96777390496305,20.664919675738247],[105.96718644189511,20.664789975905382],[105.96581315032581,20.66433602667699],[105.96403550228044,20.66351014542999],[105.96203659971168,20.6623237744791],[105.96116066820122,20.661671063174033],[105.96085404417384,20.661442579054636],[105.96003006910999,20.660740675346396],[105.95804642696481,20.65863877722617],[105.9575428865404,20.657797636459367],[105.95704697579536,20.656578840062977],[105.95697831152772,20.65610009563901],[105.95697068124377,20.65572053306935],[105.95703171638255,20.65509873713611],[105.95723771034612,20.654215635355357],[105.95751236852796,20.65345650945421],[105.95834397229302,20.65147668185005],[105.95819901422703,20.65111047079134],[105.95800064974257,20.65078431437306],[105.95685624014136,20.651167691755106],[105.95611618990843,20.651388943599578],[105.95404862344654,20.651751340493206],[105.94980668052226,20.652966322500042],[105.94803666062298,20.653599561000878],[105.94645737686626,20.65429765107724],[105.94591568914792,20.65459328995867],[105.94535111349143,20.655014814003067],[105.94522904341355,20.65511971854537],[105.94495438519922,20.65544969026438],[105.9445576565777,20.656046690716085],[105.94433640408054,20.656477751554803],[105.94406174669385,20.65717011872481],[105.9438252344421,20.657902540467916],[105.94351242987342,20.65944367817049],[105.94332169418882,20.66072732341967],[105.94327591903856,20.662066282992967],[105.94329880701193,20.66268426365625],[105.94335221296383,20.66315728537302],[105.94348191245757,20.66354447749576],[105.9436345007226,20.663914504042467],[105.94432877459404,20.664791883613944],[105.94456528721388,20.66500169242925],[105.94589280097489,20.665961088612505],[105.9465336704381,20.667134107662303],[105.94667862909023,20.667645277827184],[105.94676255148403,20.668219390040168],[105.9468388459083,20.67051774497566],[105.94699906437818,20.673373045943595],[105.94704484037435,20.675667586070663],[105.94702195220046,20.675993743296424],[105.94696091750153,20.676201644315856],[105.94654130008684,20.677100005446086],[105.94604538880765,20.678410353298485],[105.94587754287672,20.67931062214188],[105.94567917867472,20.679768386291677],[105.94556473740332,20.679932418562952],[105.944717875484,20.680785003414982],[105.94394730629584,20.68173486246968],[105.94373368311561,20.681946578801927],[105.94345902540744,20.682080092801232],[105.94304703698847,20.682133498711703],[105.94265793815022,20.682022872696336],[105.9423069867745,20.68187791384634],[105.94120835345682,20.68126184017706],[105.94072770088918,20.681053939847544],[105.93998002126776,20.68084794510858],[105.9371952923984,20.680487456639344],[105.9356236365467,20.680491271823435],[105.93341111214451,20.680277648202033],[105.93267106112891,20.680134598061425],[105.93022202482653,20.67933351042512],[105.92730759594203,20.678124252012154],[105.92572831231287,20.67752915847285],[105.92327927592643,20.676930252001764],[105.92082261127186,20.67609101919852],[105.91973160787528,20.675869765873557],[105.91955613085092,20.67536431838797],[105.91832779901928,20.67372590613401],[105.91748856630761,20.67429429577845],[105.91481064773907,20.672507109571335],[105.91120194403724,20.67051011620609],[105.90761612820648,20.668677154114935],[105.90740250555477,20.668907944022386],[105.90576218562866,20.668421570210665],[105.9053817190021,20.668348403147416],[105.90536545767674,20.6683452760164],[105.90554093341558,20.665415587804706],[105.90522049886518,20.665108504816573],[105.90515946313063,20.664990248764724],[105.90516709283823,20.664717498490763],[105.90432785972104,20.664690795606592],[105.90416764236286,20.664728942894524],[105.90351914346599,20.665062729151025],[105.90344284926452,20.6650341181105],[105.90317581996753,20.664763275061542],[105.90300034465908,20.66478234744616],[105.90266465172066,20.664934935550964],[105.89862870109638,20.668326202084977],[105.89817093857907,20.668551269543624],[105.8977742092569,20.66866952524026],[105.89614914825887,20.668822113080715],[105.89580582526895,20.666945282545885],[105.89620255420658,20.65891915833189],[105.89625596005946,20.655897918751855],[105.89623307143377,20.65478021171382],[105.89630936477069,20.653351607500205],[105.89643143625688,20.652165236892095],[105.89564560749977,20.651842894811814],[105.89545487261016,20.651665511210318],[105.89494370427285,20.651005568575005],[105.89441727519363,20.650521102158486],[105.89337967831297,20.649693312714255],[105.89219712135336,20.648835006196787],[105.89115952357064,20.648207488190238],[105.89036606642743,20.64786988788221],[105.8888020411232,20.646952452672153],[105.88725327382048,20.64617806984666],[105.88383530465097,20.644556823217393],[105.88101242902822,20.643492522677636],[105.8799061663912,20.643229308984772],[105.87896012188176,20.643111052927576],[105.87712906623165,20.64308625777558],[105.87648819748868,20.643111052598652],[105.87457321935524,20.643309417871663],[105.87334488749809,20.64357835416103],[105.87201737254126,20.643923584162827],[105.8680271990717,20.645268264815364],[105.86703537812345,20.645403685865507],[105.86592911534005,20.645481887814995],[105.86535691190066,20.645479980316527],[105.86364792668907,20.64534455886975],[105.86311386911702,20.64526444975539],[105.86227463563142,20.6450374750584],[105.86179398382266,20.644902053932338],[105.86113785669846,20.644806686328423],[105.86006974054087,20.644720855759136],[105.85872079863198,20.64478311385376],[105.85858200867486,20.644789520033072],[105.8583573501085,20.644838945283244],[105.85789906302755,20.644939767975266],[105.85762833402349,20.644999328469684],[105.85685013656254,20.645218674324433],[105.85609482682476,20.645483795298784],[105.85520981683399,20.64601975999744],[105.85480545878454,20.646380249100876],[105.8544926531655,20.64654237394027],[105.85389756086629,20.646885696405693],[105.85382889600874,20.64696580559504],[105.85373734342087,20.647290054391362],[105.85360764311484,20.647442642088418],[105.8529438860136,20.648011032751697],[105.85257004549622,20.64812928848603],[105.85164688904574,20.649210754337957],[105.8506682895893,20.650612929000136],[105.85062455047726,20.650675598859827],[105.84957169399547,20.652510468105017],[105.84917496544314,20.653296295465537],[105.84838150894183,20.65436441058893],[105.8482468969403,20.65452291561041],[105.84761856837866,20.655262772094147],[105.84658097126916,20.656142060305314],[105.84544419162148,20.65678292904885],[105.84368943106657,20.65476113991868],[105.8424229517885,20.65547448847454],[105.8400196920219,20.656735246249394],[105.8407521136314,20.65916520853377],[105.83937882311353,20.659773652376856],[105.8337864764135,20.661761109538556],[105.83248185122476,20.662314240768435],[105.83149765920369,20.661797349361052],[105.8310780416756,20.66197091827411],[105.83106278317585,20.66207200743574],[105.83097886007285,20.662142579950448],[105.82867478313682,20.66278535550937],[105.82864426494922,20.662842576560458],[105.82878159402054,20.6633041546411],[105.82875870603677,20.663365189706127],[105.82771930931447,20.663662501593457],[105.8262715238615,20.664076631074533],[105.82625309079637,20.66407375127176],[105.82614945232976,20.66405755785629],[105.82612656481257,20.663788621554833],[105.82386063498787,20.664292162155604],[105.8237381419059,20.664310189977673],[105.82291458955004,20.664431397835553],[105.82228135004156,20.664452378694815],[105.82234208937766,20.66211198883446],[105.82234238440145,20.662100617561073],[105.82210587402663,20.66205293481915],[105.82201432094413,20.66198808488516],[105.82186173255279,20.662096804069865],[105.82182358687771,20.662087267216464],[105.82063340075719,20.661537949851272],[105.81868790501288,20.6604946311121],[105.82206772662114,20.656843964411532],[105.82234238489856,20.657124346115122],[105.8225865256947,20.65729409998617],[105.82280777734665,20.65717393663395],[105.82318161818905,20.656697099552364],[105.8239064107489,20.655611817967113],[105.82525681346819,20.653855149894046],[105.82611130514749,20.653048341395074],[105.82650040470185,20.652729812953343],[105.82780503148277,20.651852433400336],[105.82825516537682,20.651648347482656],[105.82901047490697,20.65133744898414],[105.82965134460474,20.65116769531717],[105.8310475234054,20.65067750620278],[105.8326039204204,20.650023285871],[105.83293961367349,20.64984208777302],[105.83334397155208,20.64955979993945],[105.83370255364989,20.649145904998747],[105.83395432317309,20.648361985333022],[105.833984840504,20.648016755159944],[105.83375595903124,20.647311035656266],[105.83364151874287,20.647070710394107],[105.83297013128397,20.645933930300142],[105.83273362032432,20.64560014356188],[105.83227585615705,20.645094696720783],[105.83125351702994,20.644230667604692],[105.83074997675429,20.643915954604182],[105.82641648057847,20.64140016262119],[105.82634018695697,20.641276184793554],[105.82602738230491,20.641157929089786],[105.82592056964576,20.64105874659281],[105.82556198862102,20.640902345179676],[105.82402848140563,20.64062959365598],[105.82390641029475,20.640580003198533],[105.82040451750186,20.638390365738697],[105.81481980096541,20.634335343342947],[105.81427811380402,20.634047333922137],[105.81333206855622,20.633728806031865],[105.81324051633028,20.633158508699236],[105.81314133475617,20.63281518619883],[105.8118214484042,20.630440537302942],[105.81133316709321,20.629441086990578],[105.8111424323847,20.628851716069153],[105.81108139707855,20.628516022721143],[105.81107947120603,20.628429353716218],[105.81106613869076,20.627829376972443],[105.81227158331227,20.622063461705213],[105.81299637524847,20.618971649164195],[105.81292771027712,20.618695083189127],[105.81284378762828,20.61831552150933],[105.81291245175566,20.617609802237748],[105.81275380579234,20.616958438996818],[105.81256150032323,20.61647302270118],[105.81162308434222,20.615425888619775],[105.8111958384381,20.61509210185233],[105.80827378009536,20.613201919361625],[105.80684708255185,20.61212426712657],[105.80629013695685,20.61150247232779],[105.80595444363007,20.610789123144862],[105.8058094846825,20.610380951525936],[105.80571030311381,20.609940353241935],[105.80568741513859,20.60949021906526],[105.80574082111677,20.609167877218006],[105.8059508452587,20.60864135736151],[105.80601547869509,20.608479324507975],[105.80624436051022,20.60804444904872],[105.80735062281158,20.606631103452283],[105.80638931885177,20.603192153688383],[105.80609940204742,20.600956740565714],[105.80580185511423,20.60025483664853],[105.8034138554811,20.59637529009866],[105.80161331715541,20.593720260050524],[105.8011250358757,20.592675032973943],[105.80093430103379,20.59141809061578],[105.80057571952396,20.584540190074257],[105.80038498474164,20.583422484177923],[105.8001866208183,20.58285028071352],[105.79974411548483,20.582028211823797],[105.79954575123729,20.581795516566824],[105.79943131076749,20.58158379980264],[105.79938553361136,20.58142549058566],[105.79922531644473,20.57993012881273],[105.79892014112704,20.578722777584353],[105.79882095842112,20.578471007279344],[105.79838608347083,20.57793122746761],[105.79750870294681,20.57477075093295],[105.79737137366958,20.574377836637698],[105.79688309234618,20.573277297021054],[105.79679153918589,20.572842421289952],[105.79657028717389,20.570601287043555],[105.79635666432868,20.56954843014063],[105.79602097032014,20.568646253971185],[105.7954487666468,20.567936721117384],[105.79508255556058,20.567608656869293],[105.79477737974106,20.567482772159067],[105.79434250368735,20.567393126153824],[105.79096268263517,20.567019285703708],[105.78572128783982,20.56659013287378],[105.78376816330547,20.566298307895508],[105.78326462371354,20.56610375937309],[105.78214310213157,20.56527215495052],[105.78190658987414,20.565174879749545],[105.78159378562627,20.565195861252707],[105.78123520394584,20.5653045804226],[105.77999924211929,20.566103758925404],[105.77963303121888,20.56618958899483],[105.77922104295308,20.566050353607498],[105.77882431481395,20.565768064913197],[105.77793167614291,20.564745726265784],[105.77766464753185,20.564619841306193],[105.76896713690111,20.564469161724375],[105.76867722051828,20.565356078385943],[105.76802109228336,20.568302932132656],[105.76789139352141,20.56926423596443],[105.7677693220244,20.56977349803464],[105.7669377179207,20.57178765860274],[105.76585434392118,20.573523345695044],[105.76547287583381,20.574311081097512],[105.7653202876876,20.57511407459939],[105.76516769943787,20.575495544110478],[105.7640766955037,20.576802078428326],[105.75894211324031,20.58135301208621],[105.75726364660622,20.583132568491266],[105.75623367889064,20.583771530242874],[105.75505875174478,20.58506471234584],[105.75433395882074,20.586541000839762],[105.75395248971193,20.587858978892783],[105.75310562688705,20.588892762196636],[105.75199173513664,20.589897934831104],[105.75111435510601,20.590187851850175],[105.7504353383924,20.59026986831902],[105.75003860932824,20.59051210055384],[105.74900864144345,20.590876405068872],[105.74795578601034,20.5916660473286],[105.74749039270715,20.59211045940273],[105.74708603521515,20.592606369764137],[105.74630020700525,20.593798463090614],[105.74568222547235,20.594826523938185],[105.74533127380052,20.595249955489425],[105.7447819576762,20.597201173021624],[105.74396561238675,20.598254029661344],[105.74362229011035,20.59854776175115],[105.74342392509016,20.598610703560084],[105.74056290238553,20.598192994391127],[105.73985336937756,20.598172013947213],[105.73934219893451,20.598212067127914],[105.73869370067908,20.598378007432718],[105.73807571966407,20.598431413867356],[105.73641251147224,20.598666016887528],[105.7353596552473,20.598847215941397],[105.73456619789262,20.599055116559633],[105.73313950062499,20.599615876921092],[105.73242233749099,20.59981614910534],[105.73157547578347,20.600128953422214],[105.73099564172688,20.6005619218375],[105.73062180060165,20.600981539344392],[105.72966812670786,20.60223657382335],[105.72831772394285,20.603571717703097],[105.7271656861628,20.60458642844751],[105.72169540924291,20.596064393886525],[105.71891831010316,20.597195452469887],[105.70980118368637,20.599348848551703],[105.70900772631909,20.59918100255358],[105.70829819280378,20.598826235194345],[105.70652817275324,20.600693529457075],[105.70603989131867,20.601136034150045],[105.70508621752388,20.601645296836832],[105.70430801973271,20.602148836461566],[105.70416306097852,20.602326219322368],[105.70406387922627,20.6025875262883],[105.70402573136184,20.602783983358208],[105.70403336098838,20.603031938393244],[105.7040943962717,20.60322648865372],[105.70545242932337,20.60483438411989],[105.70569656919544,20.605376070706015],[105.70569656929776,20.60557824966275],[105.7056431636766,20.605776613676024],[105.70500992389245,20.606694048874783],[105.70491074161157,20.606968706633634],[105.70489548311178,20.607167071290426],[105.70492600100482,20.607357805634688],[105.70558212821207,20.608721560336665],[105.70558212809243,20.608950441898067],[105.70548294594047,20.60930902365993],[105.70515488195588,20.609638995230195],[105.70410965477264,20.610373323803646],[105.70400284415804,20.61054117089451],[105.70401810282526,20.61087495660908],[105.70443009002636,20.611618822816222],[105.70448349644712,20.611788576821848],[105.70454453110237,20.61244852016946],[105.70449875421158,20.612675494385737],[105.70429276113056,20.612894839166298],[105.70391129114643,20.61309320395559],[105.70404099147552,20.615673846065697],[105.70394943812528,20.61655504111028],[105.70133255595636,20.6214626498727],[105.70043228706135,20.621514148909615],[105.6990895139465,20.621910876368606],[105.69840286789984,20.620400256151846],[105.69822739228492,20.620156116562757],[105.6977009647434,20.619778460697592],[105.69747208219336,20.619665927615927],[105.6967091436443,20.619444674555083],[105.69578598610454,20.620058841916535],[105.69171188886595,20.622107333907454],[105.69089554447446,20.620926685255913],[105.6905979985073,20.621285266735132],[105.69003342229942,20.620880908869122],[105.68952225317709,20.62028009384616],[105.689110266563,20.61939317660581],[105.68835495649182,20.61896593120896],[105.68811081521335,20.61878282604484],[105.68763779177772,20.61786157545599],[105.68748520493996,20.61716539416051],[105.68713425167664,20.616204089706518],[105.68692062900641,20.616045779684793],[105.6865315304522,20.616080111324543],[105.68580673788907,20.61645013794616],[105.6855702271943,20.61665613192003],[105.68486832178225,20.616703814399653],[105.68399094172078,20.616513080644776],[105.68338058961112,20.616268939980937],[105.68290756800587,20.616263217764583],[105.68265579828018,20.61642915687831],[105.68230484580884,20.617434330309685],[105.68206833365089,20.61828309986192],[105.68148850114994,20.618128604501173],[105.68096970206248,20.61768037807493],[105.68061112033718,20.61746484819258],[105.67993210366038,20.617083377706063],[105.67952011734961,20.616965122350766],[105.678223120374,20.617344684923587],[105.67780350344239,20.61730272268797],[105.67789505597268,20.616982287578278],[105.67778824382212,20.616488284633153],[105.67742966324575,20.616162128164003],[105.67697952775929,20.61604768810734],[105.6763996935816,20.61614877676147],[105.67578171253469,20.616453953434416],[105.67536972617376,20.616745777093346],[105.67500351499017,20.617085285112502],[105.67480515066607,20.617617435233043],[105.67471359828814,20.617384739098302],[105.6742710925648,20.616780109349747],[105.67390488215909,20.61673242575476],[105.67334793745194,20.616762942815807],[105.6730351311875,20.616587466972348],[105.67282913801789,20.616415806101163],[105.67096756510703,20.61678773877913],[105.67031143787474,20.616867847178415],[105.66948746339294,20.617546864234917],[105.6689381456197,20.61761743542689],[105.66702316785515,20.616984196215615],[105.66655777526225,20.61700899099359],[105.66619919360289,20.617924519369485],[105.66601608800595,20.620137043810022],[105.66603134666495,20.621718235376182],[105.66677139805977,20.622273274519344],[105.66694687494473,20.62251359947354],[105.66724442111952,20.623516865697862],[105.66673325121991,20.623909779212898],[105.66593216519838,20.62444574453713],[105.66548203098692,20.6256359296226],[105.66453598652997,20.62701494239913],[105.66389511684793,20.628149815695608],[105.66451309813776,20.628462620769252],[105.66490219746079,20.628865070999588],[105.66543625442596,20.629553623579096],[105.66587113015605,20.629854984534155],[105.66618393536963,20.629872150907957],[105.66641281775134,20.62978250546465],[105.66694687490381,20.629477329872483],[105.66776322002617,20.629410572739047],[105.6680226195108,20.629177876582443],[105.66874741241729,20.629019567018233],[105.66910599373227,20.629580326515917],[105.66959427479351,20.63013917999669],[105.66977738043343,20.63124162821478],[105.67035721401372,20.632019825620034],[105.67081497840569,20.632298298636588],[105.67141007038558,20.63229639155729],[105.6720661989065,20.632056065524846],[105.67219589842182,20.63189966265673],[105.67291306147956,20.630068607483395],[105.67342422995065,20.62918359822168],[105.67416428284373,20.62900239930812],[105.67459915713324,20.629046268651308],[105.67501877445834,20.629147358415803],[105.67538498515023,20.629256077165504],[105.6756443847059,20.629704305027673],[105.6760487427101,20.62995225999963],[105.67747543927433,20.62980539343114],[105.67780350325155,20.629652805647726],[105.67828415560811,20.628592320500054],[105.67842148424283,20.62847215787853],[105.68043564412763,20.62967378604431],[105.6806568962344,20.630083866643997],[105.68253372816685,20.630705662234686],[105.68235062267192,20.63097078383595],[105.68489884068747,20.63296396332216],[105.683639990567,20.634804554413066],[105.68344925517995,20.635182209833747],[105.6857914800175,20.637177296767362],[105.68679093070665,20.637745686227625],[105.68608139660107,20.63848573804412],[105.68541001004156,20.638808080049817],[105.68489884062521,20.63910753338056],[105.68437241249983,20.63956720481176],[105.68405960704915,20.63970453348946],[105.6833271859936,20.639868566187843],[105.68255661647211,20.640145130984283],[105.68234299389215,20.64036256865108],[105.68200730029194,20.640934773483682],[105.68142746543404,20.641440221064347],[105.68065689651179,20.64237863614868],[105.67991684628369,20.64431268819297],[105.67938278937868,20.645045109986896],[105.67919205417921,20.645411321280353],[105.67905472473002,20.646223851083217],[105.67889450651315,20.646559545449087],[105.67887161898332,20.647053547774643],[105.67896317203319,20.64735490881423],[105.6802754285426,20.649214573791387],[105.68051193866556,20.650471517264343],[105.68106888537608,20.651367971379642],[105.68124436141339,20.652308293342372],[105.68122910242096,20.65260202514418],[105.68106888526295,20.652958699391274],[105.68065689710508,20.653237172101015],[105.68045853349811,20.653443166144566],[105.68022965083073,20.65386278326382],[105.67952774675928,20.654408284896018],[105.67978714755826,20.654713460737288],[105.68037461052809,20.65583498191842],[105.68003891775379,20.656872579926354],[105.67987869954874,20.657196828637666],[105.67897843091757,20.65853197234575],[105.67862747917818,20.659655401066637],[105.67861984945127,20.660246678879606],[105.67896317216947,20.660733052936603],[105.67948959997923,20.661204168042737],[105.68000839991895,20.661526509488432],[105.68052719814953,20.661768743639666],[105.68056534576544,20.662195990133117],[105.68034409283092,20.6626957148345],[105.67888687886156,20.66495783061058],[105.67803238630876,20.666516134323775],[105.67810868031683,20.667214224085292],[105.67852829706149,20.667773076748873],[105.67890213808813,20.667906591935477],[105.67923020208332,20.667782614450346],[105.67939041881769,20.66767771022316],[105.6794361944713,20.667694876001434],[105.67936753053095,20.66810304824387],[105.6793599002406,20.668787786941152],[105.6795735237466,20.66959268782361],[105.67871903132323,20.671177693828486],[105.67800949854325,20.671833822160448],[105.67771958206926,20.671866247035865],[105.677406776025,20.67174799242093],[105.67718552380958,20.67145426040659],[105.67705582352362,20.67071611596279],[105.67711685866608,20.66928751187292],[105.67694901245848,20.667996237338063],[105.67675827812378,20.667879889515074],[105.67652939589026,20.668028662180024],[105.67649887724423,20.667609045188787],[105.67727707622258,20.667517491704242],[105.67730759323567,20.666264363562913],[105.67712448832745,20.66512949158202],[105.67617844362209,20.665100881908398],[105.67646836089865,20.66419298429537],[105.67519425146874,20.66359407556951],[105.67486618788165,20.664997884755955],[105.67369126077847,20.664824315913254],[105.672157752644,20.668007680893872],[105.6736836318219,20.67028505493794],[105.67266892142813,20.67112810326098],[105.67189072368902,20.672375509824644],[105.67086075590788,20.67515451627671],[105.66944931807006,20.675917456575903],[105.67000626373702,20.67702181201672],[105.66967820030182,20.677820990730687],[105.66956375899142,20.6784027320455],[105.66958664709703,20.679554771104286],[105.66975449401873,20.679865668182753],[105.67004441051957,20.67999918233434],[105.67096756684404,20.680151770381016],[105.67219590012142,20.680212806133223],[105.67243241069339,20.68032343157701],[105.67264603399498,20.680479834446157],[105.67314957359785,20.681370566425237],[105.67383621985981,20.68136675194421],[105.67402695498713,20.681254217891954],[105.67418717249348,20.68062860739319],[105.6742863536355,20.68038255934761],[105.6745686416818,20.68015939963704],[105.67515610496451,20.680401632618345],[105.67575119848847,20.680823156313902],[105.67620133245937,20.681462118964657],[105.67680405440244,20.682843039648944],[105.67723130042121,20.683020422312353],[105.67781876458189,20.68310625350522],[105.67957352447091,20.683121512962025],[105.68021439429559,20.683453390658727],[105.6838993917938,20.692196677309703],[105.68402146154358,20.692732642340175],[105.68358658663415,20.695792029754013],[105.68335770471485,20.696303199431163],[105.68279312983367,20.697296928365954],[105.68232773653817,20.699034522306327],[105.68019913578556,20.69982988772882],[105.67923020281684,20.700480292791546],[105.67852066898625,20.701107810449834],[105.67771958290874,20.70196039526093],[105.67729996611439,20.702565025898522],[105.67486618857279,20.70490915688488],[105.67224167711169,20.70861322757512],[105.67112778599189,20.710045646840562],[105.66969345964232,20.711457085063785],[105.66915177311385,20.711905311868062],[105.6687016383004,20.71259958686929],[105.66785477536328,20.71427614647517],[105.66745804707568,20.714657615963894],[105.66664933148238,20.71519739593067],[105.66584824534127,20.71600420457083],[105.66483353523661,20.717280220831434],[105.6636662385583,20.71893961465187],[105.66218613533334,20.721802544552663],[105.66156052490742,20.723421884016556],[105.6624607941254,20.726115059738937],[105.66284226356542,20.72743685290077],[105.66335343359759,20.72864801871285],[105.66548966388186,20.732546640075185],[105.66652726127995,20.734078240730526],[105.66531418807392,20.735277963213633],[105.6635975737157,20.73674852959369],[105.66072129313223,20.739504647978585],[105.65946244195062,20.740290475408315],[105.6586689846219,20.740639520361814],[105.65811966919445,20.740977121545633],[105.65781449236918,20.741333795585515],[105.65767716380526,20.741825891610176],[105.65765427593752,20.742205453281553],[105.6574711713567,20.74287493367104],[105.65652512597843,20.744194818381168],[105.65495346994003,20.74678881303887],[105.65462540619646,20.74748880987133],[105.65416001287215,20.74952013643921],[105.65319871059482,20.75184519439519],[105.65246628769731,20.75291903158971],[105.65164994244796,20.75466234833047],[105.65123032662723,20.756203486310458],[105.65081070911025,20.758021189450517],[105.65033768767493,20.759316279474195],[105.64970444725152,20.7608135472465],[105.64961289472913,20.76146013931115],[105.64968918869539,20.76261980756055],[105.64988755229902,20.763428522409537],[105.65003251190915,20.763829066340367],[105.65003251133271,20.764275385680715],[105.6498875521962,20.764544322120976],[105.6488804723178,20.765953852982438],[105.64878892021682,20.766556574411986],[105.64878892087178,20.76778299979411],[105.64924668372295,20.76956637092046],[105.64944504809947,20.77083666625087],[105.64942215962304,20.771885707046245],[105.64914750160408,20.77360804348541],[105.64912461349884,20.77432139112179],[105.64926957186434,20.774811579814475],[105.64951371261635,20.77539141409408],[105.6496052656625,20.775837733976147],[105.64961289512252,20.776440456178968],[105.64923905507445,20.777846172605155],[105.64875077441361,20.780459239165513],[105.64849137424652,20.783793285935783],[105.64832352664455,20.78417475499426],[105.64840745140742,20.78631289234066],[105.64821671626197,20.786713436563698],[105.6481785691237,20.787028148325618],[105.64846848664294,20.787785365380476],[105.6484990039979,20.78845293782986],[105.64837693337716,20.789271191079578],[105.64839219189174,20.78964884602829],[105.64863633348648,20.790604427731214],[105.64848374543894,20.79097826807157],[105.6483616746101,20.792155102334398],[105.6480870167718,20.793671443784362],[105.64174698976257,20.792639569006077],[105.63911484811736,20.792870358603324],[105.63781785101871,20.79292757838921],[105.63701676577351,20.793080166256576],[105.63652085459351,20.793375804925947],[105.63624619665775,20.793816403437102],[105.63611649678185,20.793921307360666],[105.63391923116734,20.79296191097509],[105.63357590816148,20.792759732677496],[105.63291978019626,20.792670086436946],[105.63192795904253,20.792792157105822],[105.630928508241,20.79303057583005],[105.63069962646122,20.793215588027294],[105.63058518548107,20.793495968763704],[105.63060044401003,20.79375918270498],[105.63078354914325,20.79401858206592],[105.63134812522785,20.794462994624517],[105.63160752470992,20.794697598260438],[105.63173722443267,20.79487879656069],[105.63252305157435,20.795380429161604],[105.6332325852082,20.79590113582255],[105.63324784419203,20.796097592496338],[105.6330571093941,20.796189145759385],[105.63267563972354,20.796255902531776],[105.63155411830084,20.79691393789482],[105.63111161373202,20.797308758330068],[105.63117264901456,20.79745180930325],[105.63205002979839,20.798214749436426],[105.63272904550074,20.798748806173123],[105.63284348622295,20.79889185869917],[105.63291215118616,20.7991531648035],[105.63294266816987,20.79950602496546],[105.63282059855648,20.79993136341865],[105.63285111503042,20.800310925620103],[105.63298844455439,20.800467328421853],[105.63386582527595,20.800476864613636],[105.63425492444519,20.800659970658224],[105.634483806878,20.80089457454358],[105.63462876463173,20.801546887807415],[105.63463639494441,20.801958875074575],[105.63453721233412,20.80219538528288],[105.63420151812112,20.802445248685373],[105.63372849675953,20.802656964379103],[105.63288926228908,20.80289538235482],[105.63261460421288,20.803105191449188],[105.63256119885567,20.80328829697651],[105.63256119869165,20.803786114879887],[105.63267563970976,20.804034069627342],[105.63325547392135,20.804686383445702],[105.633293620535,20.804999189132765],[105.63320969762111,20.805222348800143],[105.6326680103857,20.805407360537842],[105.63251542252836,20.805590466788754],[105.63245438767417,20.805762128302916],[105.63245438765426,20.806010084187037],[105.63295792803,20.806387739275007],[105.63300370395429,20.806622342832192],[105.6327061576354,20.80799754099532],[105.632408610414,20.80851443168276],[105.6324543880847,20.808869198975984],[105.63240861113833,20.809300259920647],[105.63230179998102,20.809628324403388],[105.63165330070652,20.810219601753925],[105.63124131402621,20.810475186701456],[105.63086747415429,20.810633497362094],[105.63058518590131,20.810910061735605],[105.63056992674416,20.811053112879062],[105.63063859222875,20.811222867554545],[105.63076829185879,20.811341123236982],[105.63172959476043,20.81136401127685],[105.6318211482904,20.811388807175184],[105.63193558870947,20.811585264172404],[105.63192033010505,20.81185992224017],[105.6318287769476,20.81225092813164],[105.63166855971386,20.812340573843713],[105.63168381844078,20.81310923479005],[105.6319889952331,20.813752012403583],[105.63198899473026,20.81398470834176],[105.63182877702744,20.81402094834679],[105.63107346650801,20.814001873941365],[105.63059281568569,20.814055280016316],[105.63050126251613,20.814270811499828],[105.6305775570262,20.814591245407595],[105.63091324975463,20.814913587638483],[105.63044785712363,20.81591494500408],[105.63012742339176,20.81595118544929],[105.62812852075051,20.815701322324543],[105.62789201029769,20.8156288436793],[105.62778519797219,20.81482394240182],[105.62709092335331,20.81491358717267],[105.62709092273876,20.81568224900742],[105.62725114127458,20.81593211150537],[105.6276249812617,20.81621821477917],[105.62812852119464,20.816397504797223],[105.62876938994832,20.816290693066655],[105.62919663597464,20.816450910307623],[105.62919663606866,20.81684382449028],[105.62975358190236,20.817076520644815],[105.63087510349757,20.817326383599315],[105.63141679001104,20.81931193342076],[105.6320042544009,20.82002718976771],[105.63189744208175,20.820509748428687],[105.63157700736343,20.82072337187937],[105.63121842655522,20.82072337134218],[105.6306309627521,20.820652799259978],[105.6303639339341,20.820830183186267],[105.63037919345479,20.821026639541852],[105.63064622161436,20.82104571395268],[105.6314701964129,20.820938901292987],[105.63224076481306,20.82109911939441],[105.63256119955935,20.82102663948715],[105.6326832698384,20.82109911923739],[105.63293503987194,20.822064237641815],[105.63321732701544,20.82229693437686],[105.63337754546477,20.82226069495059],[105.6334919857397,20.821963148565224],[105.63361405619484,20.8219631483709],[105.63388871458271,20.822203474548463],[105.63417100243427,20.82227786016884],[105.6349186820989,20.82223589884149],[105.63529252309813,20.82231028533184],[105.63546168032461,20.822483574735184],[105.63662003739009,20.823670225499903],[105.63699387812048,20.823954420310287],[105.63732957087755,20.824339704481563],[105.63765000662508,20.824564771505305],[105.63810014014017,20.82471545246742],[105.63834428000463,20.82478030254065],[105.63872575067117,20.824772672770226],[105.63902329728825,20.824616270616247],[105.63954972544659,20.824454145818983],[105.63971757115337,20.824320631034446],[105.63990067776132,20.824087934688308],[105.64034014833254,20.822574933507834],[105.64038895866297,20.82305605854094],[105.64078568726458,20.823773221306602],[105.64102219824649,20.823815183551506],[105.64107560425788,20.823883848648084],[105.64108323348015,20.82405550951915],[105.64122819189444,20.824112730800124],[105.64128922762791,20.824253873620655],[105.64106034539562,20.82461436232033],[105.64105271571721,20.82479746841574],[105.64112138009186,20.825024442780222],[105.64102507568352,20.82534775562264],[105.64101456897313,20.82538302428691],[105.6410281773861,20.82539817971953],[105.64135026220364,20.825756864607772],[105.6418614311555,20.82597620912731],[105.64195298425078,20.826071577397173],[105.64190720797323,20.826918439432017],[105.64213609085715,20.827462034818442],[105.6421360904643,20.8276069924111],[105.64201401978839,20.82799990613857],[105.6418156550218,20.828409986084836],[105.64179609046482,20.828426684148933],[105.64159440222952,20.828598814251503],[105.64071702204485,20.829027967354865],[105.64032694258661,20.82925957730712],[105.64028977639954,20.829281644976195],[105.64008378242148,20.829287366474514],[105.63935899035268,20.829050855983045],[105.63924454956913,20.829060392432527],[105.63911484946712,20.82921107263273],[105.63909196135332,20.829460935328314],[105.63889359732947,20.82974131573686],[105.63873338028252,20.830180006610806],[105.6386113092053,20.83028681738843],[105.638458721489,20.83031733598579],[105.63832139269377,20.83029826160361],[105.63787125892411,20.8300979911139],[105.63754319436616,20.830136138118323],[105.63741349476729,20.830189542715747],[105.63702439510274,20.830561475578445],[105.63646744949892,20.83078845092416],[105.63637589715223,20.830887632850985],[105.63632249183428,20.83101351760717],[105.63606309136998,20.832299070956385],[105.63597153912505,20.83251269347985],[105.63585709821768,20.832665281854446],[105.63520859942037,20.833157377843563],[105.63513993543178,20.833308057868717],[105.63515519432387,20.83343775775478],[105.63524674655407,20.833609418886912],[105.63573502734471,20.834273176687415],[105.63578843378406,20.834425764806312],[105.63595628027176,20.835507230604097],[105.63593339285424,20.83563693119528],[105.63571213994376,20.835835295046547],[105.63520859976936,20.835942106796846],[105.63508652970069,20.83605464016542],[105.63504838266145,20.83625300479811],[105.63509415851235,20.83651240388916],[105.6354756284411,20.837538557704335],[105.63561295724047,20.83776553193581],[105.6361241279839,20.838249998674357],[105.63622330976011,20.838425475353812],[105.63643693249496,20.839312392430628],[105.63621567977897,20.839312391971365],[105.63568162284017,20.839033918983787],[105.63509415838385,20.83883746187711],[105.63427781412582,20.838888960446532],[105.63236283611226,20.838032561120055],[105.63205765958797,20.837731200246292],[105.63194321872322,20.83680995056122],[105.63202714279863,20.83546336230814],[105.63228654119342,20.833378629727175],[105.6320729184885,20.832106429207684],[105.63349961589577,20.830632047647043],[105.6334080623419,20.8302410419194],[105.63272141742273,20.829840497454306],[105.63059281622456,20.82943041902074],[105.62871598543798,20.831866102959648],[105.62608384332606,20.83260615395398],[105.62577103845524,20.832142668511587],[105.62496995277746,20.83176119922367],[105.62464188882338,20.831690627568005],[105.62388657860821,20.831654387112568],[105.62319993232566,20.831703978228983],[105.62220811138283,20.83189089860904],[105.62040757476227,20.83104594288748],[105.61969804049696,20.830647307358017],[105.61772965663545,20.8304336843282],[105.61815690247747,20.830759841458644],[105.6193394597411,20.831412154531225],[105.61950730519578,20.831648665118085],[105.61953782320813,20.83184512200997],[105.61920213042139,20.83199961728723],[105.6188511777571,20.831950026351922],[105.61770676818757,20.831625777694356],[105.61713456438663,20.83159335231997],[105.61634110723404,20.831669646157742],[105.61614274196904,20.83175166214817],[105.61602830171579,20.831887084192363],[105.61592911981766,20.832104521788384],[105.61585282521897,20.832884627631493],[105.61542557896185,20.833968001166564],[105.61514329254624,20.834421950651414],[105.6145405690911,20.834944563094357],[105.61425065223045,20.83530696055366],[105.6134190483324,20.836029845272073],[105.61332749631795,20.835884886300196],[105.61322831428305,20.835850554439173],[105.6125416680976,20.83577807598372],[105.61193131789616,20.83591540462313],[105.61151170052233,20.836211043678276],[105.61105393688757,20.83667643652692],[105.6106648372607,20.83734019362368],[105.60932969363955,20.837927657823442],[105.60904740560552,20.83815654022261],[105.6087956358333,20.838227111065194],[105.60844468355329,20.83784373384007],[105.6069722109824,20.83830149762059],[105.60654496439287,20.838391142867696],[105.60631608281878,20.837931472147137],[105.60624741864409,20.83791621360816],[105.60607194247675,20.837984877928456],[105.60575913663821,20.838002044289325],[105.60530137381082,20.838297682829285],[105.60488938535384,20.838276701832616],[105.60452317469961,20.838368254539184],[105.60425614633174,20.838688689946906],[105.60410355866178,20.83871729986517],[105.60384415848162,20.838635283843015],[105.6034321714249,20.838206131322426],[105.60302781317195,20.838063078742294],[105.60245560955586,20.838579970838662],[105.60037278482808,20.840933639443314],[105.60052537252871,20.841141539826957],[105.59917496960605,20.841666061211054],[105.59814500136793,20.841975051410092],[105.5978550840683,20.840988952107406],[105.59777116024607,20.840920288175948],[105.5976567195295,20.840920288521236],[105.59755753794944,20.84109576438546],[105.59706925624263,20.841564971875524],[105.59671830494447,20.84177668718243],[105.59635972213745,20.84172518973311],[105.59625291195314,20.84164698814798],[105.59617661757555,20.841406662201013],[105.59668778687316,20.84023555017192],[105.59697770352683,20.839466888499352],[105.59680985698685,20.83852656494069],[105.5966038636324,20.83692439252572],[105.59674882092531,20.83531077540515],[105.5980000419757,20.833840210271944],[105.59651230996863,20.831744033275285],[105.59562730040894,20.830984909015736],[105.59487198995235,20.830767470750487],[105.59364365854229,20.830670195961773],[105.59059190025283,20.831021148089395],[105.58942460323294,20.831517059193864],[105.58913468653681,20.831093627779495],[105.58871235446408,20.83024896406392],[105.58851670516583,20.82985766617663],[105.58787583576044,20.829079466896097],[105.58727311311891,20.82749827515732],[105.58712815504802,20.825558502044075],[105.5882191578165,20.82103999231197],[105.58818864072335,20.82070811405295],[105.58808945916256,20.82040293794083],[105.58783768855326,20.82011492861673],[105.58722733714961,20.819851714482883],[105.58557175755186,20.819262343964525],[105.58496140669844,20.81888278128353],[105.58459519545613,20.81848414558859],[105.58405350902117,20.817557173534937],[105.58366440952157,20.816445189188745],[105.58344315641754,20.815535385029428],[105.58338975124295,20.814684706589205],[105.58356522797091,20.813040572149117],[105.5835270809573,20.811892348388586],[105.58298082002237,20.81194278320465],[105.58216295750115,20.811839996081495],[105.5815416780178,20.811641618925474],[105.58088602639648,20.811242222681496],[105.5804849168555,20.81091149544524],[105.57985571059177,20.810264716192172],[105.57854669113337,20.80934785911219],[105.57793427349822,20.809020094219154],[105.57679706789094,20.80850485888625],[105.57601209851656,20.808307204215037],[105.57507902609359,20.808207767762475],[105.57456129733794,20.808207824375284],[105.57389326617363,20.808244321163745],[105.57278813094922,20.80847860572828],[105.57232050760176,20.80849946549548],[105.57122380131625,20.808379877061192],[105.57062175801146,20.808255035575556],[105.57017638705615,20.80810936507629],[105.56927571035861,20.80772374657982],[105.56864637324199,20.807536454909314],[105.56796718937848,20.80734396005755],[105.56757749033282,20.807198276857292],[105.56727686954234,20.807167071677714],[105.56692523490102,20.80704907528556],[105.56682541282295,20.807017090756823],[105.56677122015904,20.806939780527976],[105.56669706189015,20.806846476542635],[105.56656872137346,20.806806495058968],[105.5663651827935,20.806816606693303],[105.56612846780531,20.806795292352394],[105.56596304819085,20.806704659768602],[105.56584896249481,20.806592694364415],[105.56571062654601,20.806398569872176],[105.56564787854202,20.806323926617488],[105.56553379816313,20.806297272734035],[105.56538834804361,20.80630527861629],[105.56530564408526,20.806350604629294],[105.56494196774801,20.80640127795802],[105.56481933225392,20.806377289988095],[105.56463394593615,20.806241335160113],[105.56453412721517,20.806220012028426],[105.56452271921091,20.80622001143745],[105.5644343099781,20.806262671503113],[105.5642346741526,20.806276011474502],[105.56404006748522,20.80622270109634],[105.56385468742015,20.80618805214556],[105.5637035356059,20.806236045559853],[105.56319304261714,20.806404024479782],[105.56303618791584,20.806489341459592],[105.56302478499491,20.806601313810773],[105.56304499557908,20.80683366466351],[105.56300792250036,20.806900315949004],[105.56295088337139,20.806924311732022],[105.56281113483226,20.80692165169234],[105.56226354976603,20.80678837358196],[105.56215517487983,20.806793710056493],[105.56206961763347,20.806825704779065],[105.5618785391992,20.80691368771504],[105.56180723871456,20.806919023070392],[105.56176445842038,20.806879033383264],[105.56176445585268,20.80682304867391],[105.5618271975761,20.8067457341916],[105.56188137891728,20.806612432816223],[105.56185000277567,20.8064943090339],[105.56181577728302,20.806424994513005],[105.56162007007897,20.80633169136715],[105.561126675901,20.80619307725632],[105.56095441171449,20.806193081718284],[105.56074622000517,20.806246406955108],[105.56074051655393,20.806251739250094],[105.56041096195607,20.80641170549653],[105.56020277337547,20.80653967815261],[105.55982061133535,20.806624997482587],[105.55957309497609,20.80671298030527],[105.55941909054052,20.80676896922235],[105.55931356683345,20.806763638928462],[105.55878287302461,20.8064781221296],[105.55867734956018,20.806408807897323],[105.55865167986155,20.80635815483036],[105.5586545306852,20.80630216879135],[105.5587457937839,20.806264843547737],[105.55924488641526,20.806214182243142],[105.5593104810784,20.80617685796212],[105.55940174128565,20.806083546755268],[105.55964837919349,20.805925478653208],[105.55968830523581,20.80585616286911],[105.55968830283078,20.805781515685506],[105.55960844410382,20.805610894888325],[105.55959988595112,20.80552558361517],[105.55964836528005,20.805325707762766],[105.55966832702748,20.80525372582317],[105.55964550881404,20.805184410876844],[105.55964550871438,20.80516841498658],[105.5595489568528,20.805018455203953],[105.55948336024964,20.804943809253366],[105.55935685447595,20.80489222948246],[105.55918288445643,20.804822918066414],[105.5590859166707,20.804753603658206],[105.55900990632806,20.804634326724614],[105.55872586318469,20.804405640656018],[105.55857900183989,20.80423747121918],[105.55856798693071,20.804223743003025],[105.55839057529839,20.80413749070383],[105.55825840229869,20.804034530499187],[105.55820332938214,20.80397618619083],[105.55822168395764,20.803828606941753],[105.55821801114254,20.803670731477578],[105.55814090989486,20.80363641146207],[105.55806380982808,20.803653573109354],[105.55799038166671,20.803701623151454],[105.55790163978162,20.803697192417605],[105.55768792295216,20.80365797858249],[105.55750352760649,20.80368144946392],[105.55742808609395,20.803728445546938],[105.55739872858571,20.80383421238613],[105.55741965475721,20.80396349293808],[105.55746571912572,20.80412411780123],[105.55746569015326,20.804261229143552],[105.55747824905923,20.804323910669666],[105.55765004502958,20.80443690023311],[105.55774222534855,20.80450743046239],[105.55776315895535,20.804605372289732],[105.55781761304081,20.804726822483214],[105.55788883336712,20.80483260809156],[105.55801872340247,20.804942320100537],[105.55806061287299,20.805024594769034],[105.55806897577929,20.80511469798179],[105.55800610135134,20.805181284090484],[105.55792228364166,20.805193020971902],[105.55778819213911,20.805138151620238],[105.5572051546904,20.80482526861534],[105.55702421145536,20.804773975526142],[105.55687067078175,20.804784198989392],[105.55657454513134,20.804866158199566],[105.55641003001793,20.80491226026004],[105.55620710785269,20.805055747541218],[105.55607549253709,20.805106982938142],[105.55597130186933,20.805117215302744],[105.55593288738352,20.805255608362746],[105.55592641233372,20.805396127816074],[105.55591588801036,20.805624517085214],[105.55600903064911,20.80597309753933],[105.55604190349086,20.806106378958983],[105.55594867010767,20.806162746006216],[105.5558664234015,20.806172202786087],[105.55554639875588,20.806099010627975],[105.55524491394142,20.80601199292531],[105.55822037834432,20.809510070084595],[105.55892228242286,20.810767013332292],[105.55960892846326,20.81364520197426],[105.55960892842292,20.814190703911017],[105.55999039857336,20.81534655689407],[105.56019639171885,20.81624682645497],[105.56005906251866,20.8179500880342],[105.56020402109225,20.81868060328588],[105.56070756125673,20.819786865502177],[105.56172990086871,20.820757705608678],[105.56306504422491,20.82147486850596],[105.56459855290439,20.821833450675495],[105.56633805507703,20.821892578581],[105.56716202871442,20.82183535732457],[105.56796311585096,20.821913559573844],[105.56884049551104,20.82193835446391],[105.5702519339674,20.821841079090984],[105.57080125054426,20.821724731113058],[105.57147263712217,20.82174380494811],[105.57198380638421,20.821797210104172],[105.57292985205936,20.821968871729158],[105.57386826680737,20.82230647246637],[105.57425736608867,20.82229884312936],[105.57453202463006,20.82223208598489],[105.57473801763636,20.82225306747691],[105.57566117479989,20.822775680190126],[105.5761723442193,20.82329066405703],[105.5763783373399,20.823399383285878],[105.57639359676531,20.823613006077363],[105.57650803808498,20.82400210477609],[105.5766529957888,20.82417185927168],[105.57691239576178,20.82432444704995],[105.57743119376771,20.824349243017696],[105.57759141142546,20.82445796167454],[105.57778214660108,20.824665862991726],[105.57790421730829,20.824978668267942],[105.57805680489008,20.825241882373522],[105.5785527147472,20.825611908136437],[105.57897996184582,20.82609828112745],[105.57932328357843,20.826414901151022],[105.57962845947858,20.82662852388095],[105.57972001322021,20.826746779916142],[105.57979630678717,20.827120620331147],[105.57939957778895,20.827681380962655],[105.57930039594574,20.82793315108756],[105.5793003958254,20.8280227958372],[105.57962083049641,20.828074295455174],[105.57967423638729,20.82929118288942],[105.57980823288987,20.829479820164998],[105.58046006436754,20.83039744492105],[105.58062791139511,20.831118423484885],[105.58066605822579,20.831650573588433],[105.58065079886313,20.832253295451856],[105.5803608824718,20.833716232633215],[105.58040665779696,20.834242660475603],[105.58049058252622,20.83441432131571],[105.58049058240628,20.834862548351484],[105.58019303503548,20.835200149333332],[105.58023118225513,20.83577426172929],[105.58028458841211,20.835905868460898],[105.58045243566856,20.836052734282156],[105.58096360414872,20.836119491827752],[105.58109330437316,20.8362453760999],[105.58118485727708,20.8365791623708],[105.58126878066187,20.83669360341031],[105.58200120263143,20.83722766189305],[105.58225297231803,20.837330658480546],[105.58312272372805,20.83748515390851],[105.58326005189507,20.837565261414756],[105.58343552819204,20.837776977780706],[105.5833592344961,20.838637191501203],[105.58348893455094,20.838820297838787],[105.5840001029617,20.838835556695283],[105.58422898528315,20.83888705479529],[105.58441208989447,20.83901103253834],[105.58455704928689,20.83917315623939],[105.58461045566125,20.83940585391784],[105.58486222559456,20.839651901432035],[105.58541154132207,20.840029556322655],[105.58602952212149,20.840281326447293],[105.58638047456877,20.84056361354412],[105.58643388088707,20.840683776078453],[105.5864186217732,20.840817291736528],[105.58631181034536,20.84093936169909],[105.58601426345987,20.841193039563187],[105.58519028934919,20.841767150587202],[105.5851750301664,20.841851074313855],[105.58531998833095,20.842587310431533],[105.58544968825058,20.842783767981548],[105.58564805246736,20.84287722801799],[105.58700608506157,20.842982132679268],[105.58718919097807,20.84313662761803],[105.5874104437121,20.843634445782584],[105.5873875544056,20.843769867455094],[105.58724259636014,20.84394725032311],[105.5872197089438,20.844122726596588],[105.58729600265546,20.844309646302822],[105.58776139598491,20.844828445650325],[105.58788346594783,20.84510882526583],[105.58790635339696,20.845545608706583],[105.58776902414866,20.845690567618146],[105.58754014235275,20.84576304644581],[105.58734940768379,20.845742065788006],[105.58718156164178,20.845618087660764],[105.58672379791884,20.84466250697955],[105.58654069299091,20.844475586305357],[105.58637284523358,20.844403106955337],[105.58621262900658,20.844424087701128],[105.58609055793305,20.844590026627003],[105.58595322889354,20.845036346752917],[105.58580827101368,20.845099289688548],[105.5855488706883,20.84505732773631],[105.58545731846841,20.84509928984781],[105.58545731898872,20.845286209300177],[105.58556412934826,20.845835525891488],[105.5854573181196,20.846167404559512],[105.58550309484278,20.846239884133496],[105.5859379696288,20.846167404943728],[105.58612107589231,20.846251328005614],[105.58619737004487,20.846363861398043],[105.58615159213244,20.84652026384588],[105.58580064076062,20.846686203814688],[105.5857777523414,20.846810181168042],[105.58589219369804,20.846997100975894],[105.58641862148676,20.847344238386377],[105.58644913924302,20.847523529574975],[105.58638047499409,20.847674209411142],[105.58622025812201,20.847824891118936],[105.5857090884884,20.84803660550314],[105.58503770180789,20.84818728728117],[105.58474778453757,20.848397095281804],[105.58479356102313,20.85064776671771],[105.58474015439322,20.852654297243365],[105.58390855069551,20.855244476895354],[105.58388566273209,20.856118043009275],[105.5846562322931,20.857924301965607],[105.58326005257635,20.858717759154604],[105.58254289016175,20.859217484504246],[105.58116959891919,20.858046372416],[105.58010911307309,20.858073075698716],[105.57840775762446,20.859986146368175],[105.57943009737751,20.861277421589186],[105.57885026258103,20.862006028280287],[105.57719468431539,20.863272507718328],[105.57543992406183,20.864292939350403],[105.57550858803184,20.865046342613088],[105.5754094062797,20.867123444603816],[105.57528733597916,20.867274125560076],[105.57422685051228,20.867514451499815],[105.57323502823614,20.86880000461988],[105.5730900701889,20.868927796681874],[105.57265519514148,20.869034608976218],[105.5719914369061,20.86896022160832],[105.57159470939315,20.868735154835647],[105.57096909860758,20.86940272722209],[105.57087754610377,20.869627794484334],[105.57057999888256,20.869894823082532],[105.5693745548895,20.870638689065945],[105.5690083442385,20.871046860998508],[105.56880235061008,20.871365389579722],[105.56900834446665,20.871952852454225],[105.56627702174059,20.872715790943776],[105.56559037499578,20.873644670320566],[105.56541489895527,20.87458499383732],[105.56480454879558,20.87458690054292],[105.56401872058899,20.874674638159178],[105.56369065667828,20.8750465711423],[105.56341599816149,20.875719865221704],[105.5635380681024,20.875929674849974],[105.56322526291856,20.876002153728532],[105.56293534630738,20.875958284921186],[105.56156205492243,20.87537082150659],[105.56142472615893,20.875479540367195],[105.56129502594837,20.87571032959743],[105.5617146437729,20.876078447810855],[105.56172227246722,20.876170000947685],[105.56166123749001,20.87623103525406],[105.56131028579424,20.876292070691665],[105.56121873226441,20.876360735733652],[105.56111192164711,20.876557192773994],[105.56073808012934,20.876849016529956],[105.56063126977617,20.877087434564768],[105.56050919855102,20.877196153283492],[105.56036424016496,20.87726481830922],[105.55967759476279,20.877255281945402],[105.55952500747593,20.87735064945286],[105.55948686032195,20.87743457294904],[105.55952500754091,20.877878984521164],[105.55948686072901,20.87796481579541],[105.55950211858708,20.878037295145795],[105.55960893085377,20.878071626799407],[105.55988358808004,20.878014406987116],[105.55989884724097,20.878174623579124],[105.55982255334592,20.878329118937295],[105.55962418919927,20.878504595047225],[105.55945634270286,20.878535112462213],[105.55922746054509,20.878493150789172],[105.55907487228063,20.878567537670985],[105.5590062087976,20.87871058904661],[105.55897569051812,20.87910922480451],[105.5590367250409,20.879238924667252],[105.5592274603262,20.87941821439956],[105.55947923050597,20.87947162117262],[105.56002091759709,20.87937625364797],[105.56012009959268,20.879444917514704],[105.56013535867166,20.879610857411663],[105.56000565808367,20.879797778242796],[105.55975388820555,20.879870257036004],[105.55951737725098,20.879866442021246],[105.5594410837054,20.879908404154193],[105.55931901311489,20.88107951598682],[105.55689286498058,20.880074342694584],[105.55608415038117,20.87967189275894],[105.55461930669375,20.879355272748114]]]]}}]}