{"type":"FeatureCollection","name":"gis.vn","features":[{"type":"Feature","properties":{"ma_tinh":"48","ten_tinh":"Đà Nẵng","loai":"Thành phố","cap":1,"stt":32},"geometry":{"type":"MultiPolygon","coordinates":[[[[111.21577997200004,15.773420222000121],[111.20997363100004,15.771371520000075],[111.20350179600004,15.771468336000092],[111.19899060500008,15.773835720000038],[111.19501973300007,15.777180669000044],[111.19421039200007,15.781299897000077],[111.19636954300002,15.785046311000082],[111.19993605500005,15.789264554000047],[111.2065027940001,15.795080760000067],[111.21180334300008,15.798287146000066],[111.21672262500005,15.799527687000124],[111.22109084000007,15.799133531000018],[111.22505907600005,15.79562385100006],[111.22814195700005,15.791470276000029],[111.228425864,15.787358833000019],[111.22693678400007,15.781795489000048],[111.22176923200007,15.775958881000028],[111.21577997200004,15.773420222000121]]],[[[112.5787388460001,16.058745926000114],[112.57411799100014,16.05570083200005],[112.56882676100011,16.05176175000009],[112.56266609200011,16.047701304000036],[112.55862708500005,16.044728340000077],[112.55157711500009,16.038123910000124],[112.547009577,16.033891321000034],[112.54057139100003,16.029028752000052],[112.533391743,16.024569892000073],[112.52436050200006,16.021267572000042],[112.51158162900002,16.01832312200004],[112.5024410780001,16.016559057],[112.49662790800006,16.01500434200007],[112.49039415700005,16.0140171460001],[112.480955855,16.011839257000112],[112.47240276000002,16.01048081200007],[112.46494735100009,16.01018958100004],[112.45609630500005,16.01123916800011],[112.45120569200006,16.012178952000063],[112.44720613600006,16.01421787400001],[112.445912976,16.016309722000074],[112.44372621800008,16.020157994000073],[112.44166935600008,16.024047276000083],[112.44061748600008,16.029018840000028],[112.44191318,16.03506675900004],[112.44456280500003,16.039286722000057],[112.44800560700004,16.042590261],[112.4545843730001,16.045828687000082],[112.46068878800007,16.048626789000053],[112.46560689500004,16.050324451000094],[112.472625729,16.05242822200008],[112.476377531,16.053924952000017],[112.481503094,16.054492972000034],[112.48452795900008,16.054654785000096],[112.49036553800008,16.05588269800009],[112.49838482000004,16.055939779000106],[112.50608789600004,16.058316898000058],[112.52149779099999,16.063227596000026],[112.53263756600003,16.066634223000072],[112.54710764300003,16.071562947000118],[112.55493889300007,16.074355692000083],[112.56316774800004,16.076122840000018],[112.57558200700012,16.078722784000107],[112.57818978800006,16.079016479000074],[112.5831754200001,16.079040453000104],[112.58975296700005,16.078444204000064],[112.591965694,16.07795381100008],[112.59419728600008,16.077209819000068],[112.5957564060001,16.076265955000046],[112.59673323300002,16.074876911000047],[112.59742401900007,16.073366073],[112.59736602200007,16.071673273],[112.5961148160001,16.069831327000102],[112.59405924900003,16.068408308000045],[112.5895205920001,16.065788368000078],[112.58615170900006,16.063827042000064],[112.58283944700011,16.061829587000084],[112.5787388460001,16.058745926000114]],[[112.50243192100005,16.047481395000048],[112.49815298000013,16.045595040000116],[112.49374459900007,16.04591236800008],[112.48260493500003,16.046595284000098],[112.47515671400006,16.046075732000098],[112.4691683230001,16.043275622000053],[112.46398308299997,16.0400086610001],[112.45344068699997,16.036177830000042],[112.44940227800005,16.032211754000066],[112.44790400700008,16.027518006000015],[112.44990466200014,16.023426699000076],[112.45371836600012,16.017272838000096],[112.46457425000004,16.014347376000067],[112.4710672110001,16.01376222600006],[112.478194884,16.015590807000102],[112.49845603000007,16.017639119000115],[112.50677896000002,16.020958237000023],[112.51354412900004,16.023550401000094],[112.52253897900007,16.02586752500006],[112.530587992,16.027976389000017],[112.54301044900005,16.03614470400005],[112.54902037200011,16.04171397700007],[112.55453428300007,16.046154292000026],[112.55653517100006,16.05135266900008],[112.55401456600006,16.054368367000023],[112.54982642000002,16.056507941000042],[112.54134676500006,16.056231790000105],[112.53520430600005,16.055222341000075],[112.52548681800009,16.052237365000096],[112.5125937370001,16.04931875000002],[112.50243192100005,16.047481395000048]]],[[[111.7833342550001,16.037918627000103],[111.7715498410001,16.03740196300007],[111.76038506900002,16.03904596000003],[111.75349920600004,16.042424710000077],[111.74839380000004,16.048125322000125],[111.74751000900002,16.052485057000077],[111.74839344000002,16.0584430440001],[111.75453842300006,16.067024256000103],[111.76354839100001,16.07392597900006],[111.773286773,16.078461360000063],[111.77988295900009,16.080155450000078],[111.79207300600008,16.081569594000108],[111.79940379000001,16.081258969000075],[111.80767555500007,16.07966432500003],[111.81437220500003,16.07646822600008],[111.82027599400001,16.07219994600006],[111.82211980700006,16.06764179600013],[111.82183722800005,16.062940470000072],[111.81983847800004,16.05935578400004],[111.81472115800003,16.05419738400009],[111.80609282700004,16.047110004000054],[111.79323011900007,16.04064019600004],[111.7833342550001,16.037918627000103]]],[[[111.70095678900003,16.227983309000123],[111.6971264100001,16.22732258300008],[111.69388763700009,16.228104963000064],[111.688591134,16.23031959000007],[111.68565177900007,16.233451585000047],[111.6845960310001,16.237846781000087],[111.68494008200005,16.24102893000012],[111.68634152000001,16.24349522600008],[111.68787167600006,16.244297067000076],[111.69373558200003,16.24727213100003],[111.69601237900012,16.247469576000114],[111.70295158100006,16.247113517000052],[111.7074658450001,16.245379476000018],[111.709439839,16.242861109000017],[111.70949607500003,16.23907453800006],[111.70894299500002,16.236481492000095],[111.707225351,16.232370633000045],[111.70426510000003,16.229345893000065],[111.70095678900003,16.227983309000123]]],[[[111.79128609200008,16.28727182500009],[111.80206736100004,16.273825626000082],[111.80615856400006,16.266802016000078],[111.80757790700008,16.25982566500008],[111.80601804300007,16.25031559600005],[111.80126996300005,16.240861921000068],[111.79058589200005,16.231997916000026],[111.77645618300006,16.223193968000068],[111.76122277600005,16.21521671800012],[111.75223478500006,16.21391897100004],[111.74292940200009,16.214081293000056],[111.73657154600002,16.215161909000116],[111.72407598400005,16.219905231],[111.72099679800002,16.223300099000056],[111.72112207000008,16.23024788300009],[111.72230664600004,16.23189856400007],[111.72483820900007,16.23400998000006],[111.73001968200006,16.23427930900005],[111.737666254,16.232278390000054],[111.74367393100005,16.230880555000034],[111.74901635300004,16.230787401000057],[111.75473067400007,16.23214251800009],[111.75995533700008,16.23496095600005],[111.771345835,16.244784002000046],[111.77451805900002,16.24844638400011],[111.77589893900006,16.253110135000078],[111.77583308300011,16.25876924000007],[111.77231081700009,16.264004082000035],[111.76654453600003,16.269116544],[111.75661979500006,16.273169980000098],[111.74210857900003,16.276332927000055],[111.72092734400005,16.277832288000035],[111.70575516400004,16.277932796000094],[111.686850083,16.276641404000088],[111.66684550400002,16.276498709000094],[111.65680342900004,16.274245003000054],[111.65026287100002,16.270153206000067],[111.63815222600003,16.258396228000024],[111.62603132099999,16.24599211000008],[111.61558702700002,16.23566060000003],[111.60365283000006,16.22389871200003],[111.59446923900003,16.216454810000066],[111.5825461100001,16.20727906100008],[111.58233915300012,16.205342660000085],[111.58294848600009,16.203674302000067],[111.5870179720001,16.20087228000004],[111.6053634680001,16.203986520000058],[111.62767116700005,16.217513295000074],[111.64843364200001,16.232352834000082],[111.66414229100009,16.235400419000086],[111.66761907000009,16.234984078000103],[111.66841869000007,16.234052360000106],[111.66877691300004,16.22750617500008],[111.66814592500006,16.224751702000084],[111.66772139800003,16.222263340000076],[111.649103155,16.211169108000064],[111.64028655500006,16.205014141000085],[111.62386986400003,16.193167573],[111.61189636000009,16.188681230000057],[111.60260563400001,16.1847958750001],[111.5892807600001,16.181785837000092],[111.57791782700005,16.18246036500004],[111.56645148900007,16.187015727000095],[111.56348214400006,16.189651476000044],[111.55944723199998,16.19537627100005],[111.55884688700004,16.200397489000103],[111.55912243700003,16.206212481000115],[111.56100055600008,16.21491065700011],[111.5640794280001,16.218415980000067],[111.57671186000002,16.230815039000035],[111.59170084100003,16.23994090500007],[111.60858234300008,16.253560266000108],[111.61683764500002,16.261989091000117],[111.62852802900007,16.27440097000008],[111.63886534900006,16.283440404000068],[111.64756093800003,16.287495987000078],[111.65611260400007,16.29003584200008],[111.682387637,16.29160464200003],[111.70273195200011,16.29330712200003],[111.71723071100007,16.294025850000082],[111.7319019660001,16.294740615000066],[111.74950701300006,16.295564714000044],[111.75779694500002,16.296227443000078],[111.770021103,16.298119026000087],[111.77578781500009,16.297567250000085],[111.781600413,16.294878585000028],[111.79128609200008,16.28727182500009]]],[[[112.07824421500004,16.341103245000085],[112.07768386000014,16.338998122000078],[112.07663407000004,16.337228841000062],[112.07506762700002,16.335659707000083],[112.0732190460001,16.33418949800003],[112.07055269800003,16.33327640400006],[112.06836193200004,16.332866324000058],[112.06502233300003,16.332287492000127],[112.06325325600002,16.332170418000125],[112.06122242300003,16.331957934000037],[112.05888909100007,16.332202695000127],[112.05553213300004,16.33321937500005],[112.05202337299998,16.334439554000113],[112.04861071200006,16.335311979],[112.04597542000006,16.33600853000008],[112.042652318,16.336813544000073],[112.03920725100015,16.3379420960001],[112.03781183900007,16.338319531000067],[112.03589496700009,16.338606397000085],[112.03289130100008,16.3391143360001],[112.03061383400002,16.339558448000076],[112.0290625560001,16.339938757000105],[112.02756019700006,16.340167599000033],[112.023728398,16.3408414520001],[112.02061072500005,16.340849614000064],[112.01894447400004,16.34068007200007],[112.01689746200013,16.340173390000068],[112.01560092500006,16.33978923800008],[112.01397458200006,16.33901682500003],[112.01037587300002,16.33749288700006],[112.00858019300003,16.33690981100004],[112.00723116599997,16.336146646000046],[112.00438342300006,16.334108049000037],[112.00196112500011,16.332763733],[111.99900735200005,16.33111734300003],[111.995650063,16.329524020000093],[111.99359935100006,16.328307764],[111.991229586,16.327070576000047],[111.99115266200002,16.327046720000027],[111.97151096100005,16.320733034000057],[111.96088022800002,16.3196161180001],[111.952676556,16.319767130000074],[111.94851160500009,16.32171948600005],[111.94480210900012,16.32647710500006],[111.94369007800003,16.33099944600005],[111.94462333000007,16.337735206000033],[111.94853250800004,16.3431032720001],[111.95303438400003,16.346352671000105],[111.9643527270001,16.353504184000123],[111.97054128900002,16.35629850700004],[111.97802292900009,16.358863579000094],[111.99185071900006,16.362096955000105],[111.99808714900011,16.3634387310001],[112.00736667700008,16.36502590100006],[112.0127461400001,16.365666594000047],[112.0200304470001,16.365715774000122],[112.02650421300008,16.365965146000057],[112.0322464630001,16.365579653000047],[112.03606528900006,16.364859598000066],[112.03941071200002,16.364426256000094],[112.04585081100007,16.363008360000016],[112.050894294,16.361246082000044],[112.05450452500011,16.359695975000044],[112.05879463000007,16.35859610800008],[112.06493924100008,16.356372884000066],[112.06909919000012,16.353935984000053],[112.07115598700003,16.352498227000112],[112.07440012700013,16.350255454000084],[112.0763234010001,16.347986593000115],[112.07739703400003,16.345554295000042],[112.07829508699999,16.343603275000085],[112.07824421500004,16.341103245000085]]],[[[111.71313097600006,16.44650724100005],[111.71137458900003,16.44607012300012],[111.70887785100004,16.446113189000044],[111.70663510400001,16.446385568000018],[111.70366058800002,16.447605387000053],[111.70047090400007,16.450698604000102],[111.69856837100004,16.455873098000048],[111.69894646300006,16.45805247800007],[111.7016509640001,16.46049441200006],[111.70617569100003,16.4620525180001],[111.71192299100002,16.46218713100005],[111.71640015,16.461174969000055],[111.71836301300006,16.45927131100011],[111.71956374200002,16.456679664000085],[111.719542049,16.455511459000057],[111.71924464000008,16.45294571200013],[111.71794852100004,16.450397227000032],[111.7166611060001,16.44831602400005],[111.71564506300005,16.44739870700009],[111.71313097600006,16.44650724100005]]],[[[111.53662347700008,16.439673074],[111.53010406900005,16.438878262000053],[111.526254115,16.439166893000042],[111.520054848,16.442876061000078],[111.51769360000003,16.44562041300013],[111.51725933700007,16.448333226000052],[111.5187679840001,16.451916177000037],[111.52171409400006,16.455024629000015],[111.52538297300003,16.458121205000076],[111.52953376000002,16.461209803000095],[111.53752714900006,16.463558738000117],[111.54380249600005,16.46413187700002],[111.548620499,16.464052453000107],[111.55293670599998,16.462853832000057],[111.55483989500007,16.461469526000094],[111.55577546400012,16.45987572800003],[111.55598835200006,16.45829387300006],[111.55591632300005,16.45423648300008],[111.55490876400009,16.451772891000083],[111.55341946400004,16.449317251000117],[111.55121556800003,16.44732435900007],[111.54828108200007,16.44489253800012],[111.54366055900003,16.442488461000067],[111.53662347700008,16.439673074]]],[[[111.61163812500004,16.438145954000035],[111.60906892000001,16.437789001000077],[111.60551299000005,16.437981995000058],[111.600555286,16.439398625000123],[111.59322562600008,16.443521935000135],[111.5883512840001,16.44960440400007],[111.58200620300002,16.461045547000097],[111.58009223600001,16.469478908000035],[111.57960620900003,16.474154495000093],[111.58069478700004,16.479287869000103],[111.58320074500008,16.484042717000058],[111.58884372200008,16.489011699000052],[111.59128072700001,16.489903699000052],[111.59369624200012,16.489596892000066],[111.59847220500004,16.485919633],[111.60557468300009,16.477006989000117],[111.6133498400001,16.465950963000076],[111.61787186700006,16.456148496000097],[111.61881294400004,16.453068163000047],[111.61881956600004,16.44949405400009],[111.61699592400007,16.443123537000034],[111.6140842390001,16.439571805000064],[111.61163812500004,16.438145954000035]]],[[[111.59901582700007,16.506770428000017],[111.59298811300006,16.50513672100002],[111.58715313400009,16.50590721800009],[111.58409061100008,16.507324116000085],[111.58484044300005,16.511947324000076],[111.58765115400007,16.514574911000054],[111.58997440200001,16.516586571000055],[111.5932280270001,16.517334591000044],[111.59559221500005,16.5163144670001],[111.59783389700007,16.51378085700008],[111.60051939000004,16.511540513000078],[111.60048639000007,16.509704590000048],[111.59892512900004,16.507792213000094],[111.59901582700007,16.506770428000017]]],[[[111.74473404400001,16.444993391000118],[111.74130590700005,16.443097714000118],[111.7379143100001,16.443156681000026],[111.7373970830001,16.443410085000032],[111.73664175000005,16.444889707000065],[111.73485648400005,16.44712045200007],[111.73462291800008,16.448591004000065],[111.73473225100007,16.45445508100005],[111.73776636300002,16.463201326000032],[111.74374403600008,16.475806940000034],[111.74951422000002,16.484260954000085],[111.75410601400007,16.492490946000068],[111.75497592700002,16.497119622000064],[111.75607017800006,16.499789064000048],[111.75618015800009,16.505653069000026],[111.75496234700006,16.510318168000104],[111.74908905600002,16.51823305500004],[111.74532303800008,16.52535026000006],[111.7453641380001,16.52754750900005],[111.74790398200003,16.530727397000078],[111.75107267200009,16.53262747000008],[111.75316989500007,16.533079735000022],[111.75681944600005,16.532771640000107],[111.75991025200008,16.530517961000065],[111.76504765600006,16.52602872500006],[111.76914546100002,16.521801983000017],[111.77272572800004,16.517828643000065],[111.77706113400002,16.512375503000065],[111.77831072300003,16.50942060200009],[111.77820930300007,16.504045289000132],[111.776807676,16.498937211000083],[111.77355179900009,16.492395171000048],[111.76399207500003,16.483763716000063],[111.75823504900004,16.476043103000038],[111.75550200400002,16.469491629000018],[111.75301175400004,16.461958223000025],[111.749432316,16.451999604],[111.74645270100011,16.44618553600008],[111.74473404400001,16.444993391000118]]],[[[111.62605611300009,16.5215239180001],[111.61561197100004,16.520230809000047],[111.607787156,16.521697461000073],[111.60497626400004,16.524148140000072],[111.60318830100007,16.527916966000063],[111.60240168300001,16.53180254700004],[111.60346314700008,16.535256579000098],[111.60839973000006,16.53984745500008],[111.61590315600006,16.54426156800008],[111.62223128600007,16.54682576900006],[111.62697024000005,16.548348332],[111.63210595700008,16.548128184000085],[111.63649894800002,16.546318093000068],[111.63871946800006,16.542808747000045],[111.63857148400008,16.534665834000073],[111.6380972480001,16.532136757000067],[111.63646193300006,16.528559046000076],[111.63152740600007,16.524102296000095],[111.62605611300009,16.5215239180001]]],[[[111.70098666300002,16.545166344000073],[111.69796989300008,16.5444582490001],[111.69651472000002,16.544787233000058],[111.69427042100006,16.54634568800013],[111.69204850400007,16.549119685000058],[111.6908284310001,16.55339639200006],[111.69094600200006,16.555370267000043],[111.69085651300003,16.559323592000027],[111.69188647600006,16.56234576700006],[111.69356017600009,16.565052898000054],[111.69502391500005,16.56517977000007],[111.697727335,16.562093501000064],[111.70083617500009,16.554592469000085],[111.70219868900003,16.549249307000125],[111.702142495,16.54621041100004],[111.70098666300002,16.545166344000073]]],[[[111.67095371100004,16.54600937500001],[111.66353378900001,16.544786774000016],[111.65921192000009,16.544860303000064],[111.65577084000003,16.545818141],[111.65310626700001,16.54721242600008],[111.64745373800012,16.550581971000078],[111.64475523200005,16.55397149500004],[111.643514753,16.55718431800004],[111.6437489780001,16.5611321250001],[111.64494057600011,16.5641517660001],[111.64690232400007,16.564878490000098],[111.65024994400002,16.566268274000073],[111.65324447100008,16.56794984600012],[111.65682303500006,16.569236909000026],[111.66241548900004,16.57030993600008],[111.66780107600005,16.570577655000115],[111.672504428,16.570317746000015],[111.676220836,16.56863689400003],[111.67971203900004,16.565162717000078],[111.68107682500008,16.561006011000053],[111.68136687100008,16.555879257000058],[111.68044465200008,16.552750065000055],[111.67924588800001,16.55025458800008],[111.676129599,16.547971586000095],[111.67095371100004,16.54600937500001]]],[[[112.63703535400006,16.568933126000026],[112.63528145300006,16.568457315],[112.63368786000002,16.568631701000044],[112.63181386600004,16.569241672000068],[112.630824649,16.570010004000046],[112.63025890800009,16.571086702000045],[112.63039887000002,16.57295130000005],[112.63112933600007,16.574165336000043],[112.6320722600001,16.57474267500003],[112.63365716300005,16.57525304200007],[112.634742845,16.575304368000054],[112.6364444630001,16.575193016000078],[112.63787553000012,16.575010301000056],[112.63983730900009,16.574522270000088],[112.64082997500006,16.57390322900003],[112.64151121500002,16.573216196000118],[112.64167806100015,16.572895099000014],[112.64171129800006,16.572240720000053],[112.64129821000007,16.571129061000086],[112.63889575699997,16.569826846000076],[112.63703535400006,16.568933126000026]]],[[[111.73783882100007,16.53851279600005],[111.73474370700004,16.53795856300011],[111.729387677,16.53805145000007],[111.7229096460001,16.53892358300002],[111.71856974500002,16.541278507000087],[111.71281687700008,16.54624160000013],[111.709182248,16.551624010000054],[111.70677932500004,16.562152853000086],[111.7040317930001,16.571623645000066],[111.70323453200002,16.576805075000053],[111.70330761700004,16.580755590000074],[111.70483334500007,16.584225137000082],[111.70745331600004,16.58539594900006],[111.71445378300008,16.58633919800012],[111.71769217100007,16.585827316000042],[111.72282498000003,16.582394802000074],[111.72805201900006,16.57531272800012],[111.73395713700006,16.561075111],[111.73766848000001,16.551131177000045],[111.73899027000004,16.54366055600009],[111.73933928400005,16.540614633000047],[111.73783882100007,16.53851279600005]]],[[[112.73980771900005,16.658388710000068],[112.73731142400001,16.657533345000083],[112.7352277570001,16.65792054300006],[112.73320043900004,16.659444371000106],[112.7292582,16.662261910000083],[112.72728569600005,16.663613797000032],[112.72396864200005,16.665450306000103],[112.7221594820001,16.667481279000107],[112.72068109100007,16.66978946300013],[112.72032093600004,16.67201622300007],[112.72050850700009,16.67371892600009],[112.72149427900004,16.67551792300008],[112.72329567900013,16.67690078000001],[112.72499179800005,16.677180583000073],[112.72711868000007,16.676773091000108],[112.72862527300003,16.675659032000034],[112.73210584400007,16.6732145240001],[112.73413687000007,16.6715495690001],[112.73597333799998,16.669618444],[112.73764387600008,16.66816234200006],[112.739406537,16.666668634000104],[112.74164662200008,16.663741448000025],[112.74212953499998,16.66250935900004],[112.74189275200001,16.66104670600008],[112.74096227700011,16.65984254700001],[112.73980771900005,16.658388710000068]]],[[[111.38788477500006,16.709309856000054],[111.38075871900003,16.708882429000127],[111.37807189800003,16.709284169000057],[111.36962668600009,16.710495232000078],[111.36639604400004,16.712883106000028],[111.36055689600008,16.720345942000044],[111.36042794400007,16.724123675000065],[111.3608760980001,16.727892399000055],[111.36289043500005,16.733254837000096],[111.36542454800004,16.73519302400006],[111.36669376300007,16.74200541700008],[111.37271214200003,16.745147595],[111.37946987800007,16.746480048000123],[111.38543077300005,16.746206674000064],[111.39637228600004,16.744596106000117],[111.3978563920001,16.74133638300006],[111.40352380200005,16.73513385900005],[111.40391432200005,16.72416010700006],[111.40324242800006,16.718597020000026],[111.40047608400005,16.714325568],[111.39444295600002,16.710285390000124],[111.38788477500006,16.709309856000054]]],[[[112.34487039800004,16.839956954000087],[112.344166928,16.83831007000007],[112.34346463200008,16.836716736000042],[112.34259783500012,16.8352338830001],[112.34144716300004,16.83348881000004],[112.339994282,16.831917747000077],[112.33852041600008,16.83066071500008],[112.33715547300004,16.829294256000082],[112.33530281000004,16.828527336000043],[112.33311650200008,16.827767109000114],[112.33127548000007,16.827536053000088],[112.32966156300003,16.82751486900011],[112.32821680200004,16.827597501000113],[112.32741622299997,16.82788163],[112.32687401500004,16.82853588300013],[112.32676859400011,16.8288060610001],[112.32694586900004,16.829285022000114],[112.32818559700003,16.83001070200003],[112.32872079900008,16.830394843000107],[112.32870701500009,16.830459464000036],[112.32847005200003,16.831080547000084],[112.32833794900003,16.831404756],[112.32762946500011,16.832095151000104],[112.32689188400002,16.832726620000038],[112.32624063800004,16.83349041000008],[112.32572845100003,16.834251407000075],[112.32498506800007,16.835258333000077],[112.32370629500005,16.836597743000056],[112.32305618300008,16.837415121],[112.32279137900002,16.838037090000043],[112.322804129,16.838626677000065],[112.32291431600007,16.839598239000075],[112.32113686199999,16.83828634000006],[112.32052288500009,16.83819149600003],[112.31975482400004,16.838689047000074],[112.319384108,16.839553644000112],[112.31940609400014,16.840571090000097],[112.32016369100003,16.842163098000107],[112.32120396100004,16.84396372100005],[112.32212609100013,16.84544527200007],[112.323670339,16.847396502000045],[112.32480798599998,16.84855228900002],[112.32573729099997,16.84907772600006],[112.32730707800008,16.849635848000055],[112.32954069200007,16.850019818000114],[112.33254935300013,16.850227378000056],[112.33561479400011,16.850487349000076],[112.33867326500004,16.850425807000043],[112.34109106800007,16.85032353200002],[112.34308249700008,16.849800989000038],[112.3443440130001,16.848971522000063],[112.34487817099998,16.847994214000025],[112.34575641199999,16.84744068700006],[112.346971851,16.847041093000122],[112.34813399599997,16.846749746000086],[112.348954281,16.84609020400005],[112.34943386100005,16.845116035],[112.34930748200009,16.844422008000045],[112.34873499500006,16.84368339600004],[112.34754724100002,16.84279644900002],[112.34635833300005,16.841855942000095],[112.345504299,16.840962254000132],[112.34487039800004,16.839956954000087]]],[[[112.32454069700007,16.959042648],[112.32744638000005,16.956689582000095],[112.33246348400004,16.952748642000067],[112.335368924,16.9503928070001],[112.33749171800005,16.94713369],[112.33942179500006,16.94378653500008],[112.34130215400003,16.940348448000094],[112.34303147200004,16.936545784000053],[112.3443794320001,16.932750791000025],[112.34501444300005,16.929062050000084],[112.34465258100013,16.925577180000047],[112.34403273500001,16.923384095000046],[112.34228907500007,16.922132632000064],[112.34061903200009,16.922074357000035],[112.33805742900006,16.92267728800001],[112.33761076300004,16.92406477400006],[112.33804986700014,16.9267210020001],[112.33896160800009,16.929183927000047],[112.33813363600007,16.930579064000106],[112.33675167500012,16.932812427000066],[112.33522669500006,16.935048654000084],[112.33431929300002,16.937180556000087],[112.33303256700006,16.93941197400006],[112.33136451300007,16.941651050000047],[112.33027036900003,16.943970477000022],[112.32799255500004,16.94668125100005],[112.32576432699997,16.94948289200004],[112.32380812000012,16.95163576900009],[112.32221730400013,16.95304612200008],[112.32168108100008,16.95471103700008],[112.32185786700005,16.956269755000086],[112.32082111500007,16.956841911000083],[112.31938912400007,16.956778697000097],[112.31767907800007,16.95708862500007],[112.31626692500002,16.957943970000052],[112.31355975200003,16.960663154000066],[112.31139479000004,16.96199301200005],[112.30883854100001,16.96287117300006],[112.30752759499998,16.96400012100012],[112.304591928,16.964977705000095],[112.301660188,16.966138967000077],[112.29915349300006,16.967107920000046],[112.2972625240001,16.96788078000013],[112.29586404400004,16.969378989000106],[112.29523616800005,16.97122943500009],[112.29621526499997,16.972404590000068],[112.2974803860001,16.973574041000106],[112.298440884,16.97388372400006],[112.30052853100007,16.973383164000033],[112.30382793300012,16.97157333300003],[112.30674393299998,16.969679316000082],[112.30938970900004,16.968524989000052],[112.31287764300008,16.96661945600004],[112.31514197800001,16.965472674000104],[112.31852455100002,16.96311020600003],[112.32068157199998,16.961414764000082],[112.32454069700007,16.959042648]]],[[[112.28416389800007,16.97897598700004],[112.28162346600003,16.976090841000065],[112.278558524,16.975417767000067],[112.27363100099997,16.976799762000013],[112.26791758800002,16.97709636600004],[112.26561890700007,16.976591414],[112.26295864699996,16.97701095400008],[112.25967188500007,16.974874195000034],[112.25720611500006,16.975473301000044],[112.25493873300005,16.976435400000064],[112.25187387600012,16.975761947000123],[112.24825681100006,16.97601669600006],[112.2456004200001,16.976619413000016],[112.24424299700006,16.97554529200005],[112.24306447100007,16.973917211000078],[112.24152818500013,16.973397005000024],[112.24022530900007,16.974890412000043],[112.23834677800008,16.976211654000025],[112.23681826700007,16.97605820700003],[112.23638653900007,16.973681521000024],[112.23486193600004,16.973711461000015],[112.22972029200005,16.973995827000095],[112.22415480100008,16.972270152000043],[112.21799058900005,16.969271732000024],[112.21031359900007,16.966853085000096],[112.20498152200005,16.967140582000084],[112.2014172580001,16.968563537000044],[112.19705080800006,16.970781040000112],[112.193853404,16.972861440000116],[112.1914929980001,16.977660026000052],[112.19256120700001,16.98314825000002],[112.19625069200002,16.986381889000057],[112.202515113,16.9919525340001],[112.21112362600005,16.99659771200004],[112.21928384400012,16.999557199000037],[112.23004618600011,17.002791438000116],[112.2380003440001,17.00386872400008],[112.24386153500002,17.00234464000001],[112.25042913800004,16.997440901000083],[112.25535196300004,16.995874798000088],[112.26412671000007,16.99480695600002],[112.27125534500014,16.990786033000035],[112.27823032300003,16.98679965700007],[112.28293601100009,16.983954172],[112.28574362300004,16.9815132450001],[112.28416389800007,16.97897598700004]]],[[[111.559872511,17.101074885000052],[111.55981410500006,17.097799743000053],[111.55851040900009,17.09415969500005],[111.55557615000006,17.09170279000007],[111.54494363100005,17.085903574000035],[111.521643796,17.075878473000024],[111.49164246900006,17.066152111000044],[111.48171625800006,17.065156191000064],[111.47676325900005,17.065236043000098],[111.46459379599999,17.06581717400004],[111.45912817100002,17.066097559000056],[111.45421180400002,17.06829615700007],[111.44525081300004,17.075377041000102],[111.44406567300004,17.078479355000105],[111.44397892800005,17.085418370000035],[111.44527715400008,17.08886646800005],[111.45093321000009,17.093593888000044],[111.46145017900002,17.09882140300003],[111.4780401630001,17.102987075000087],[111.48801535600006,17.106680328000046],[111.49384495900004,17.10943835600007],[111.50091051400005,17.11201943200011],[111.5098239270001,17.11399263000004],[111.52760365600003,17.115243134000124],[111.53543760700009,17.114537352000077],[111.54612726400003,17.111859004000074],[111.55453572000003,17.108640064000014],[111.55849288800007,17.104759159000068],[111.559872511,17.101074885000052]],[[111.47127280899998,17.08189774200006],[111.48262437900006,17.08171486900003],[111.49150597600004,17.081956806000065],[111.49833716700003,17.083002464000074],[111.50323135100005,17.08542834900006],[111.50825932400005,17.089586354000105],[111.50913233400007,17.09227013400003],[111.50897334100006,17.0949706870001],[111.50612765500006,17.09752218000009],[111.501200886,17.099143845000064],[111.49562107400001,17.09884885900008],[111.48906112900009,17.096178167000083],[111.48016628800008,17.09466623000013],[111.46998208900004,17.090783251000104],[111.46662948000002,17.087946444000046],[111.46598018100003,17.08622246900004],[111.46697201600003,17.08389399400003],[111.46900918800002,17.08231956200006],[111.47127280899998,17.08189774200006]]],[[[108.14955934769075,15.94433453507715],[108.14962038327538,15.942032365166767],[108.14939150088081,15.939983872877072],[108.14867433785358,15.936836747918576],[108.14816316785874,15.935775307846544],[108.14752992769708,15.935025719829817],[108.14700349983246,15.933483629275639],[108.14701112989059,15.933243303075635],[108.1459506438712,15.933186082054052],[108.14581331518094,15.933204201973433],[108.1454242160664,15.93340828879054],[108.14505800472809,15.932866601957638],[108.14486726949771,15.932744530768149],[108.144188253561,15.93342354680221],[108.14272341009382,15.932477502101237],[108.14208254112552,15.933010605934674],[108.14141115317075,15.93137410112897],[108.14062532534446,15.931366472017736],[108.14028963266574,15.931407479797388],[108.13896211788409,15.931217699233551],[108.13809999620611,15.931271103702034],[108.13735231581786,15.930625466889799],[108.13566621936224,15.931389360329423],[108.13472017465462,15.93197300939498],[108.1331408891939,15.932508974713654],[108.13310274279716,15.932443170465627],[108.13236269164898,15.932747392307668],[108.13172182232019,15.932906656007527],[108.1310275472196,15.93317845382044],[108.12807497113367,15.934735803931392],[108.12794527206138,15.93483975432913],[108.12794353315817,15.934846248829299],[108.12788203141318,15.93506929799433],[108.12777742571141,15.935145883539324],[108.12758669088888,15.935416727670177],[108.12654909279033,15.93571427327662],[108.12654909284056,15.93641713194963],[108.12638887524714,15.936711816989094],[108.12584718859074,15.93710568520664],[108.12549623629745,15.937119035496869],[108.12512239681062,15.937298327237716],[108.12505373196714,15.937426118657841],[108.12502321491522,15.937651186734426],[108.12465700359556,15.938127069464006],[108.12451204495923,15.938642053669401],[108.12442049175264,15.938672571678456],[108.12397798751832,15.938666849599308],[108.1235888871271,15.938891917291834],[108.12340578290329,15.939237147379117],[108.12212404473041,15.94004777004872],[108.12131532831572,15.940245181118419],[108.12094911771783,15.940416841771572],[108.12056764737468,15.940511256437903],[108.12023958329222,15.940495042802482],[108.11956056722136,15.940686732091196],[108.11924776233515,15.940919427914007],[108.11907228702941,15.941172151950969],[108.11860689352443,15.941408663214121],[108.11844667602038,15.941545039434317],[108.11804994776325,15.941655665246623],[108.1171725678975,15.941720515505837],[108.11680635634673,15.94185402937442],[108.11647829248905,15.942130595795778],[108.11643251530568,15.942362338427747],[108.1161654875633,15.942872553655253],[108.11583742396083,15.943216830711362],[108.11563143001098,15.943254977141999],[108.11502107790899,15.94324544076984],[108.1148913786132,15.943382769449139],[108.11486086069475,15.943588763636871],[108.11505922458699,15.943947344312352],[108.1151965538849,15.944080859306142],[108.11512025930013,15.944517642363733],[108.11505159531899,15.944639712150703],[108.11451753780591,15.945198565235254],[108.11390718641863,15.945577174573392],[108.11342653478061,15.945658236442124],[108.1125720428549,15.9461837121263],[108.11181673271504,15.946363001541283],[108.11104616356515,15.946907550543427],[108.11063417540072,15.94733002775224],[108.11015352444322,15.947584658404542],[108.10956606034965,15.947974711828037],[108.1093906962507,15.948007238719983],[108.1091464444221,15.947952778080795],[108.10872682756045,15.947651415666366],[108.10833772839243,15.947199375333854],[108.10726198373158,15.946235210271725],[108.10706361942128,15.946013003488702],[108.10647615547471,15.945705921198968],[108.10572847581088,15.945010691483441],[108.10516390028948,15.944726497250974],[108.10396608521077,15.943988352979279],[108.10366090953622,15.943564921609124],[108.10255464740419,15.943244486755772],[108.10196718296237,15.9428649251776],[108.10155519666979,15.942254573524812],[108.10098299087521,15.941669016754526],[108.10086092080822,15.941240817762662],[108.10012849879193,15.941566973747236],[108.09863313832788,15.941208393404196],[108.09743532284034,15.941113025351994],[108.09665712551505,15.94027569931676],[108.09540590423988,15.939631015446713],[108.09507783990058,15.938762217769176],[108.09448274667498,15.938318760058761],[108.09412416569522,15.9374919236833],[108.09343752007378,15.936816722863115],[108.0933230793939,15.93639329118311],[108.09214052333294,15.935705691738693],[108.08981355770155,15.935052424939588],[108.08929475847333,15.934634716387848],[108.08864625972333,15.9346194574925],[108.08770021539824,15.933610470285931],[108.08744081527544,15.932763607358964],[108.0878756917426,15.932350665718328],[108.08770784418147,15.930635005689583],[108.08793672700547,15.929929286981777],[108.0877383623057,15.929489643051934],[108.08693727547677,15.928802043716543],[108.0867923171332,15.927788287804304],[108.08619722425837,15.927110224489883],[108.08454164549707,15.926901370578088],[108.08326753607761,15.926609546119927],[108.08206972091237,15.925793201061577],[108.08071168916861,15.925043612817454],[108.07846101774665,15.924987346117513],[108.07644685779721,15.925213367259252],[108.07414278004744,15.925645382010714],[108.06870302241059,15.925954372312072],[108.06819185323347,15.92603924957539],[108.067848530059,15.926258594826008],[108.06728395528312,15.92678216135782],[108.06630739162898,15.927830249483952],[108.06399568628795,15.928579837572759],[108.06214174348368,15.928978473883207],[108.061561909342,15.929537327770918],[108.06108125751295,15.930706531658583],[108.06076082234685,15.933892757909392],[108.05828126963976,15.93358662928872],[108.05719026626815,15.933331044455988],[108.05713686008619,15.933306248306165],[108.05715974769062,15.933174640857212],[108.05744966515803,15.933002026293686],[108.05751070035579,15.932936223261999],[108.05752595927814,15.932788402801336],[108.05747255298787,15.932701618920735],[108.05724367173077,15.932532819327262],[108.05683931447652,15.932532819486857],[108.05649599090393,15.932663472470695],[108.05594667450195,15.93303445086436],[108.05485567087557,15.933212788614258],[108.05371126172541,15.932902844597406],[108.05288728703644,15.932847531381249],[108.05212434777684,15.932938130689783],[108.05196413070028,15.932886632201619],[108.05182680091178,15.93265202841411],[108.05155214277178,15.932394536155503],[108.05139192590322,15.932044537275138],[108.05122407892074,15.931998761579742],[108.05105623279789,15.932010205120578],[108.050842610368,15.932101758325526],[108.0502017401432,15.932490857467759],[108.04999574675615,15.932530910989218],[108.04927095424392,15.932530911284294],[108.04875978531051,15.932576688344511],[108.04734071736667,15.9329018905139],[108.04699739482278,15.93289044626421],[108.04641756052118,15.93267873140442],[108.04595216796882,15.932677777134467],[108.04557069757833,15.93256333697697],[108.04518922830138,15.932511838975463],[108.04422029450424,15.933086903763442],[108.04232820478877,15.93453076668714],[108.04132112454357,15.935028585083392],[108.04119905452303,15.935028584789707],[108.04098543189498,15.93481305462603],[108.0404055980283,15.934433491865757],[108.03861268973948,15.933944257683812],[108.0375216868323,15.933482679111066],[108.03685030019504,15.933520825952872],[108.03524049768421,15.933481724731148],[108.03298219666212,15.932964833764446],[108.03202852288148,15.931953938756584],[108.02995332655233,15.930835279182219],[108.02928956946371,15.930128607416782],[108.02836641273663,15.93015721687882],[108.02732881536427,15.929959805849638],[108.02684053315365,15.929343733547014],[108.02570375483889,15.92909100890657],[108.02465852736736,15.92848447187566],[108.0241778754162,15.92848542578213],[108.02380403390154,15.928740057375146],[108.02340730668598,15.928613218411048],[108.02295717199145,15.92857793241395],[108.02079805368834,15.929822477097382],[108.02004274302118,15.930068525338053],[108.0194781686847,15.930040869570158],[108.01908906893506,15.928967031143213],[108.01877626288935,15.92853883096174],[108.01718172028293,15.928059133568665],[108.01530488902745,15.926825079796773],[108.01441224976487,15.92690709584216],[108.01316102936798,15.926626714255008],[108.01185640235536,15.925912412060319],[108.01136049169516,15.925525221848616],[108.01107057472963,15.924601110569176],[108.01027711824604,15.92391446544934],[108.00938447895997,15.92371610028883],[108.0089038265936,15.922836813736035],[108.00840791592105,15.922166380062587],[108.00809511038045,15.92206719812735],[108.00745424138546,15.922403845173848],[108.00718721287274,15.922431501308628],[108.00679048451023,15.922340902425585],[108.00639375598956,15.922060522145868],[108.0057223683622,15.921239408099519],[108.00509675888405,15.921236547611487],[108.00428041381056,15.921963247562154],[108.00318178046567,15.921973738454454],[108.00235780528435,15.921629462072767],[108.00181611868075,15.921565565806592],[108.00087770333583,15.921102079941361],[108.00011476337481,15.921179327576988],[107.99868806802792,15.92071774903095],[107.99729188764613,15.920803579572938],[107.9969867121766,15.920640501938083],[107.996818865405,15.920783552446165],[107.99662813027723,15.921255622190952],[107.99638398991729,15.921309981209468],[107.99537690952646,15.921066794293365],[107.99480470562203,15.91975263099617],[107.99427064787162,15.919299635862526],[107.99327119671167,15.918653997509775],[107.99305757311876,15.918317350850518],[107.9927676564616,15.918083700674675],[107.9924090757349,15.918184790316374],[107.9919360524107,15.918925794681336],[107.99071534908515,15.919744048127601],[107.99016603317416,15.919872793920364],[107.98930391091893,15.919847045265104],[107.98859437814728,15.919703994200184],[107.98793824990712,15.919404540454453],[107.9870227222955,15.918736013902382],[107.98615297132413,15.918700728378989],[107.98540529147473,15.918620620027516],[107.98478730985305,15.919056449528005],[107.98358186490174,15.919503722405949],[107.98015626763052,15.922069106572536],[107.9752353083863,15.925898108839878],[107.96984132624274,15.929795776303768],[107.96335634022715,15.934762512482408],[107.9616244685189,15.937418496168627],[107.95963319640428,15.938901460098263],[107.95813783553358,15.940936601048001],[107.95749696590535,15.94162610756113],[107.95685609712172,15.942005669958538],[107.95592531041625,15.942281281173095],[107.95513185365263,15.942298448253958],[107.95414766167107,15.94388536228334],[107.95363649230828,15.944906747135136],[107.95242341846347,15.946852242247394],[107.95198854365094,15.947369134673655],[107.95134004516443,15.947851693907278],[107.94949373195672,15.948328530877694],[107.94921144421453,15.949359453210073],[107.9491809256144,15.950120485165797],[107.95085176430086,15.95141557467497],[107.95120271573147,15.952731645816908],[107.95286592394048,15.957613504036175],[107.95320924722424,15.957832849502681],[107.95558961850128,15.95819143112627],[107.95585664702163,15.958433663953034],[107.95594819903901,15.958815134114731],[107.95622285888251,15.961491143723212],[107.95593294174373,15.962086237167997],[107.95639833430742,15.963231600270664],[107.95627626346081,15.964141405259474],[107.95529970191959,15.965322054537575],[107.95498689683407,15.965819872180905],[107.9552386666859,15.966716326454021],[107.9559787180143,15.967294252206992],[107.956619586967,15.9687390697348],[107.95731386202999,15.968813456830086],[107.95840486495423,15.969195879310323],[107.95871767090117,15.970127618988183],[107.96066316594924,15.970718897665238],[107.96099885969095,15.97144941173369],[107.96165498731114,15.972051179924481],[107.9618380931118,15.97279599944366],[107.96202882798148,15.972960031737125],[107.96324953152502,15.973099268666617],[107.96389040014843,15.973916567646498],[107.96477540971333,15.974310434742614],[107.96548494417594,15.974895037072704],[107.96642335967763,15.975845850057464],[107.96803316143126,15.976554430272735],[107.97000917481101,15.978063143496078],[107.97158083010395,15.978760278900056],[107.97210725839827,15.97993234404287],[107.97429689436666,15.983329332560025],[107.97587617970248,15.98499158770786],[107.97793611620878,15.986077822489335],[107.97829469769911,15.986637629167545],[107.97872194426539,15.987447298504577],[107.97984346474176,15.987463510406476],[107.98070558742818,15.988009966667525],[107.98113283337094,15.988861597193855],[107.98087343315575,15.99038270859552],[107.98054536930461,15.991186655121613],[107.98067506947959,15.992715395549872],[107.98056062775339,15.993575609587571],[107.98120149698573,15.995827234737748],[107.98185762509469,15.996694124788965],[107.98143037972389,15.997412242129931],[107.98125490385839,15.998437441422622],[107.98125490336085,15.999185122623524],[107.98230013071219,16.002964534332342],[107.98226961381881,16.0040955924561],[107.98220094842847,16.004814662058358],[107.98142275081892,16.00568441354203],[107.98135408562293,16.006031549918156],[107.98227724283727,16.007738626843647],[107.98308595856491,16.008545436542555],[107.98284181771713,16.00923017399893],[107.98320802875736,16.009960688921034],[107.98358949930685,16.011963405598376],[107.98234590658578,16.01212743727877],[107.9804995940363,16.012854136490844],[107.97642549666377,16.015425243132974],[107.97534975290031,16.01681570056534],[107.97290834563411,16.0186620141408],[107.97058901041851,16.019365826243206],[107.96958192978336,16.02056936304797],[107.969841330408,16.022249737433132],[107.96975740639711,16.0231404692959],[107.96920046108067,16.02409605044678],[107.9694293431134,16.025278606732883],[107.96947511965968,16.026211300812175],[107.9686587747433,16.027496853817855],[107.96775850583349,16.02855543163709],[107.96707186057374,16.02853445162906],[107.9664309899143,16.02863744726664],[107.96561464535708,16.029259243945127],[107.96537813468224,16.030193844772782],[107.96411165555132,16.03121046166014],[107.96265444079494,16.03191427307973],[107.96192201880801,16.031914272636616],[107.96104463847738,16.03245405301081],[107.9606173925341,16.034403362693908],[107.95993074665124,16.035667935137344],[107.95851167911029,16.03672651410793],[107.9581302098546,16.03722433218978],[107.95825228069556,16.04122785742464],[107.95793184587642,16.04462865943934],[107.95814546872423,16.048716107430383],[107.95936617172588,16.050520459921266],[107.95957979479,16.052137891776344],[107.96037325213524,16.054108183086818],[107.9603122169845,16.055601637257247],[107.96033510521774,16.05668119600591],[107.96093019879707,16.058008711468247],[107.96102175130599,16.06056074337998],[107.96052584042872,16.06431440651468],[107.95941194835098,16.06483320413147],[107.95475038819085,16.06387762345437],[107.95104250333847,16.062550108756604],[107.94529756960773,16.05995420773522],[107.9389041359704,16.057318251576323],[107.93333467785742,16.054228346776206],[107.92921480437592,16.051567596420192],[107.92506441324119,16.049784225149008],[107.92158540968856,16.04779295355098],[107.91992983169193,16.046396774035006],[107.91850313440757,16.046240371322053],[107.91747316594773,16.046066801787013],[107.91533693474173,16.044832748120275],[107.91115602694926,16.04155020095549],[107.90821108073933,16.038910430412265],[107.90222963438045,16.034054321641406],[107.90171083681491,16.03395895336255],[107.90128359050237,16.034334701011414],[107.90024599236627,16.035521072138447],[107.89852174922841,16.036684554593347],[107.89785036227734,16.03753141765546],[107.89741548718737,16.03854803506051],[107.89653810659841,16.03921942139037],[107.89423402918695,16.040060562182788],[107.89345583108886,16.04006437718799],[107.89324220851918,16.040394348131333],[107.89350160752548,16.04131559775075],[107.89356264216529,16.041937392747254],[107.89348634820985,16.04218153381768],[107.89199861681644,16.045406861517645],[107.89197572902825,16.045740646864452],[107.89238771720214,16.047373336878362],[107.8922351288948,16.047655625463236],[107.89096101951681,16.047655625662863],[107.89019045057788,16.0474915933617],[107.88946565783843,16.047539276291204],[107.88772615607526,16.047514481805162],[107.88658174719774,16.04842810171975],[107.88608583633486,16.04898504731408],[107.88589510177067,16.049135727071054],[107.8853152682143,16.04922155887322],[107.8843539639607,16.049692673980115],[107.88377412940457,16.049841446418597],[107.88287386210799,16.049692673847414],[107.88244661511919,16.049841447092682],[107.88160738187567,16.050785584414793],[107.88057741375671,16.05161528095804],[107.87912019832578,16.051245255645323],[107.87810548990184,16.05195669719468],[107.87674745764858,16.051826996855088],[107.87596162964236,16.05170111240107],[107.87242921966089,16.053782029468326],[107.87153658107135,16.054518266081363],[107.87091859980659,16.055365129681054],[107.87042268941512,16.05633215515572],[107.86946901476169,16.057270570191555],[107.86825594218604,16.058195634311943],[107.86772188413039,16.059265657389965],[107.86582216444573,16.059464021845944],[107.86503633660502,16.059671922895635],[107.86357912248694,16.061054750690637],[107.86319002341664,16.061495348211402],[107.8625338960145,16.061937852716856],[107.86231264317911,16.06193976071202],[107.85979494236915,16.06065611528904],[107.8576739704891,16.060656114639784],[107.8564685265032,16.06023077594371],[107.85564455196308,16.060219332348932],[107.85382875633675,16.06108526794489],[107.85302004025989,16.061415240617407],[107.85257753531896,16.061466738012836],[107.85198244264632,16.06120543126058],[107.85099062145446,16.06001333802552],[107.8503726408622,16.05900435088059],[107.84998354180512,16.05897192589252],[107.84780916325084,16.06054930344259],[107.84733614155155,16.060658022698863],[107.84349092674475,16.06062941251714],[107.84054598010526,16.060499712736743],[107.83924898383137,16.059649035431903],[107.83580812663448,16.058197543770053],[107.83403047749458,16.057297274782126],[107.83370241326055,16.056772753651348],[107.83350404905848,16.05537085265288],[107.83305391386493,16.05494169859165],[107.83217653442647,16.0545716739595],[107.83132204170921,16.05461172761845],[107.82479127958608,16.055786654984775],[107.8227466018952,16.056286379897294],[107.82022890212141,16.056286380317474],[107.81893953352557,16.05604224023862],[107.81666597490597,16.055248783772353],[107.81722292096886,16.056118534607148],[107.81782564329627,16.056734607141326],[107.81860384058929,16.05731062602656],[107.81875642893176,16.057566211139402],[107.81906923436212,16.05999235917166],[107.82005342643745,16.0627694587945],[107.8203204556517,16.065598056258263],[107.82052644853255,16.06656317536666],[107.82098421201866,16.0673604464732],[107.8218539636687,16.067886875621856],[107.82414278110674,16.069613025529062],[107.824547139841,16.070169972094657],[107.82469972790494,16.07073073126641],[107.82479890959831,16.071938083895738],[107.82464632186641,16.072840259778257],[107.82432588749663,16.073435352925657],[107.82337221346974,16.07470946215737],[107.82248720388912,16.076614902864435],[107.82157930584084,16.079205082478808],[107.821556417711,16.07963614318172],[107.82170900562377,16.080223607330637],[107.8219912928059,16.08090262289268],[107.82215913957792,16.082594441765245],[107.82247194532997,16.083233403189908],[107.82273134403715,16.083605336544995],[107.82452425259599,16.08481650259056],[107.82511171637086,16.085369632881992],[107.82551607322692,16.08607725954053],[107.82585939601402,16.08717207838279],[107.82639345403973,16.08914999815523],[107.82718691147315,16.090523289828774],[107.82926973646202,16.092211293242627],[107.82985719940245,16.092606114145408],[107.8306659156365,16.09275488782131],[107.83168825500897,16.092741536561793],[107.83197054179168,16.092871235428404],[107.8322528296875,16.093161152543743],[107.83270296349254,16.093800114272888],[107.83281740489346,16.09563689122464],[107.83293947439951,16.096764134798782],[107.83311495104243,16.0972714896259],[107.83379396807672,16.09801344747558],[107.83494600546743,16.098761128610732],[107.83651766085296,16.10034994988701],[107.83786806373207,16.101378010706362],[107.83887514450697,16.10203413809187],[107.84036287617765,16.10288672371464],[107.84416231569212,16.104578541018288],[107.84500154869447,16.105183171146006],[107.84705385542776,16.106939839090664],[107.84842714605522,16.10804800851727],[107.84947237325208,16.109079884542368],[107.85093721800415,16.110428379331857],[107.85292086051687,16.11156897483966],[107.85556063079218,16.113436268590853],[107.85589632377065,16.113861607048324],[107.85607180096424,16.11444907001588],[107.85623201814913,16.115507649431677],[107.85625490616947,16.117386387795236],[107.85538515517241,16.122164297038825],[107.85535463751862,16.123573826549062],[107.85549196752517,16.12534384704955],[107.8561404658675,16.127644108973954],[107.85656008224618,16.128201054878783],[107.85732302176596,16.12903647381036],[107.85786470809794,16.12978033981842],[107.85807833183584,16.131039190183472],[107.8584292839932,16.132282781113123],[107.85900148901311,16.133642720890716],[107.85979494534874,16.134544897185126],[107.86007723389869,16.135050344525787],[107.86014589761896,16.1355882159579],[107.86015352795792,16.136044073066397],[107.85982546371352,16.136759328515208],[107.85802492673515,16.13844923905895],[107.85769686264878,16.139179754400452],[107.85759767990089,16.140032339059363],[107.85770449161681,16.14041762392578],[107.8582309204558,16.141197729154857],[107.8587192009466,16.142292547381537],[107.8586429077388,16.142910528377904],[107.85840639589216,16.14385275900838],[107.85846743078186,16.144171285876887],[107.85893282539247,16.144569921468264],[107.8598178340537,16.145067739894614],[107.86000856875798,16.14538435932181],[107.86007723377652,16.14621214877237],[107.85988649891546,16.14772849072603],[107.85860476121559,16.15280394598568],[107.85879549505043,16.153410482769086],[107.85995516317423,16.154652167480933],[107.8610843149016,16.15523009376333],[107.86235842334865,16.15534072018839],[107.86326632185559,16.155230093695387],[107.86535677620911,16.157137442103068],[107.8661960088545,16.157635260396077],[107.86734041817924,16.15787558567241],[107.86872133864738,16.1577744971126],[107.8707736463291,16.15771918319126],[107.87241396616207,16.15772109111419],[107.87288698813612,16.157795476841507],[107.8737262220458,16.158213187047764],[107.87420687336662,16.158743429966353],[107.87455019589925,16.15933852188774],[107.87550387043267,16.161818076126917],[107.87593111742993,16.16425375960856],[107.87598452251268,16.16663794580036],[107.87545046546491,16.17095236801042],[107.87525210009532,16.17151503632094],[107.87479592249501,16.172188936221787],[107.87441286721513,16.17275481333708],[107.87364992900599,16.174072791301477],[107.87297854155229,16.175470877141677],[107.87187990904862,16.17821936752352],[107.87138399765306,16.178955603551334],[107.86909518026894,16.181471396582275],[107.86775240677063,16.182726431776405],[107.86740145352401,16.183413077675723],[107.86756930076213,16.18425231071232],[107.86795839972837,16.184641410412077],[107.87193331480168,16.1862493046644],[107.87562594209895,16.188042212500342],[107.87613711160333,16.18838744325633],[107.87661013454998,16.189364006372866],[107.87668642806794,16.190872718098053],[107.87652621005,16.192194511488868],[107.87612948226813,16.193314125591204],[107.8747943381257,16.194965888969698],[107.87463412028475,16.195461799647667],[107.87474093214547,16.19597487590407],[107.87562594211028,16.196583320097165],[107.87680849896243,16.197016287884463],[107.87754854960025,16.19750838417098],[107.87885317684639,16.19855361121545],[107.87944063965517,16.198761512390387],[107.88053164272286,16.19902472668677],[107.88235506890224,16.19974570394706],[107.88318667319182,16.199875404180975],[107.8861621372417,16.1996198192234],[107.88684878215548,16.199780037233516],[107.88784060286206,16.200325537905748],[107.88821444379475,16.20067648979252],[107.88856539562467,16.20200591232644],[107.88922152373159,16.203009178200325],[107.88970980508951,16.20392851978508],[107.88990054043171,16.20498900641508],[107.88984713409495,16.206215431079247],[107.89084658539888,16.206080009506802],[107.89188418188762,16.20574812977071],[107.89322695571029,16.205137778973267],[107.89435610592294,16.20498900636545],[107.89518770999553,16.205198813966707],[107.89656100093076,16.206064750066336],[107.89817843369082,16.206635047767982],[107.89906344315327,16.20732550797924],[107.90019259313492,16.208550026047288],[107.90287814031569,16.20966582460699],[107.9038394445981,16.210293342195648],[107.90434298421799,16.210979987708075],[107.90453371972059,16.211992789610406],[107.90451083063724,16.212885429329294],[107.90489230067352,16.21353774202983],[107.90539584060485,16.21404128188702],[107.90810427576547,16.213964988265097],[107.90919527970904,16.214376975918217],[107.91063723454744,16.215508033106623],[107.91140017538193,16.215710211977424],[107.91194186178167,16.215460350080015],[107.91344485220336,16.214373160423204],[107.91487154889019,16.212673713030444],[107.91567263606443,16.21152548880776],[107.91713747865984,16.209196616250463],[107.91770968407637,16.208508063696907],[107.91941866759288,16.207539129991012],[107.9202502716223,16.206791448715244],[107.92221865603403,16.204351950113978],[107.9242785922627,16.202147054348522],[107.92477450249672,16.20182280540532],[107.92575106590965,16.2013726720612],[107.92670473962102,16.20067458130792],[107.92758974996084,16.199778127216728],[107.92863497660494,16.198517370565444],[107.9292071814611,16.19797949774142],[107.93109927078284,16.19742827420153],[107.93193087470652,16.197058248615296],[107.93337283073879,16.195936726995654],[107.93438753957659,16.19548659340245],[107.93522677342145,16.19533400492761],[107.94318423190607,16.194454716743643],[107.94489321645582,16.193834828814637],[107.9478000159762,16.19236998424127],[107.94954714636829,16.191269444325734],[107.95140108978612,16.190317677269906],[107.95407137796843,16.18942885336985],[107.95544466856703,16.189333485295787],[107.9562686435074,16.189642476158763],[107.95886263751545,16.190989064272138],[107.96045718160818,16.191542195184805],[107.96299776963563,16.19210677039187],[107.9635852327082,16.19239668728976],[107.9648593415411,16.192911671118996],[107.96680483762047,16.193354175436085],[107.96868929842219,16.193695591085003],[107.96923098488287,16.194134281763027],[107.97059664756193,16.19658713168456],[107.972023344655,16.197914646646144],[107.97468600202106,16.199724719973787],[107.97833285359418,16.202492282576593],[107.97905001650932,16.20341353244357],[107.9792788985899,16.20422797044659],[107.97925601048978,16.205702351197324],[107.97970614517321,16.206768558653593],[107.98091921891626,16.208191440782432],[107.98388705267818,16.210634754970442],[107.98642001232427,16.21254210284473],[107.98812136680323,16.214039371698348],[107.98911318851205,16.21347479652382],[107.99063906744871,16.21242003305361],[107.99192843480255,16.211195514489045],[107.99314913836484,16.209871814283467],[107.99372134315806,16.209515140509467],[107.99659762401923,16.208778903636535],[107.99864993178429,16.20791296749437],[108.0003589163901,16.207142398389387],[108.00155673112245,16.20619253939982],[108.00257907051879,16.20558790937446],[108.00398287842428,16.205318972993133],[108.00551638704407,16.20533613865834],[108.00685916045936,16.20311789287699],[108.00846133268409,16.20067076339693],[108.0096438890923,16.198961779494546],[108.01160464261237,16.197006747436664],[108.01499972424014,16.194284960402733],[108.0170291426025,16.194754168348673],[108.01804385227766,16.19484762825136],[108.01923403841563,16.19467596696305],[108.02172884979286,16.194080874329444],[108.0249866012838,16.19294790905886],[108.02641329764764,16.192413850588334],[108.02846560479446,16.192448182759318],[108.02917513891137,16.19234327848285],[108.03156313968604,16.19119124004088],[108.03404269297869,16.191435380584768],[108.03517947319688,16.191402955231723],[108.0365680217751,16.1910806132226],[108.03812441954248,16.190615220085487],[108.04048190232366,16.18933729697146],[108.04269442591956,16.18789343350104],[108.04547152583275,16.186672731136113],[108.04801974411335,16.185205979276947],[108.0509875785294,16.183065933648788],[108.05229983383926,16.18276648064691],[108.05497012226672,16.180647415442802],[108.0568469526092,16.179438156079556],[108.05809817428195,16.179203552233208],[108.0590442189081,16.179392380248252],[108.06001315221914,16.179781478655798],[108.06076083219534,16.180298371170128],[108.06204257109293,16.181959670751993],[108.06344637970615,16.183554215058543],[108.06425509561117,16.183977645969993],[108.06483492920842,16.184156937246062],[108.06725344736776,16.183702987550987],[108.06987795915725,16.182732146680028],[108.07122073245029,16.18265013103529],[108.07296786453023,16.183247131429333],[108.0761416926062,16.183651489186314],[108.08104739275872,16.183052581116176],[108.0842059628355,16.181700271218403],[108.08527407779951,16.182430785058983],[108.0857776172889,16.182594816880712],[108.08753237911834,16.181854765736308],[108.09213290364302,16.180389922035555],[108.09256015005373,16.180756132979173],[108.09314761300729,16.181618254875904],[108.0935061946068,16.182964842621757],[108.09429202182879,16.183512251531162],[108.09705386338774,16.18558553999206],[108.09854159478905,16.186308425132832],[108.0999911804158,16.186815779290022],[108.10116610758351,16.186720411813532],[108.1028598324858,16.1862931652243],[108.10485873432151,16.186449568966164],[108.10862765541616,16.184296171101884],[108.11084780900995,16.18255476195816],[108.11245761142143,16.182655852258915],[108.1136477963226,16.18279318084883],[108.116134979298,16.18240026680147],[108.11874423179354,16.181118528598542],[108.12294802791922,16.182798902345663],[108.12487826573712,16.183872739962993],[108.12696109030857,16.185303251083525],[108.13078341646904,16.187466184943723],[108.13259158408654,16.188963452762945],[108.13554415986455,16.190722028303707],[108.13649783385016,16.191593686350693],[108.13742099102619,16.192951718242576],[108.13803897190414,16.193338910682137],[108.13826785346947,16.19365362394158],[108.138649322674,16.193777600525433],[108.13925204552726,16.19376615657999],[108.14061007779102,16.194803754622892],[108.1414569404099,16.195705930817496],[108.14238009744872,16.19745306136665],[108.14293704367908,16.198208371429615],[108.14371524177285,16.19896749698922],[108.14524874922584,16.199692289786313],[108.14608035301245,16.199785749785836],[108.1467746285713,16.1995263499929],[108.14721713320236,16.199585477914486],[108.14749179154366,16.199720900019788],[108.14855990713005,16.20043996934266],[108.1496890578747,16.200958768803574],[108.1507419143463,16.201340238961023],[108.1516345532255,16.201275388503742],[108.15203891161987,16.20114378108384],[108.15240512242872,16.20085004910225],[108.15299258599207,16.200686017169165],[108.15396151909921,16.200871030553223],[108.15541110357555,16.200365582939522],[108.15575442709435,16.20035604657345],[108.15571627945073,16.20118192853039],[108.15621218951779,16.205671826774182],[108.15630374280515,16.205755750800762],[108.1570971994728,16.2061715521423],[108.15866885489311,16.205898801064563],[108.1600802928735,16.20588163528588],[108.16121707321348,16.20561269905246],[108.16251407009376,16.204578916614228],[108.16487918277504,16.203701535388646],[108.1658252276115,16.203609983279264],[108.16753421222181,16.20333341717235],[108.16844973943655,16.202984371602223],[108.17018924069048,16.201309719718367],[108.17106662223014,16.201298275665085],[108.17181430220393,16.201670208749096],[108.1733249224235,16.202927151623342],[108.1748736891928,16.204094448735848],[108.17751346068958,16.205751934633543],[108.17927585055483,16.20619825449939],[108.18168673895697,16.20629552876952],[108.1861804527848,16.207260647760815],[108.18732486159418,16.207712689165866],[108.18862185815179,16.207695522225187],[108.19055972555434,16.208012142110004],[108.1924975918505,16.20854047877141],[108.19427524099822,16.2094216735073],[108.19449649306792,16.209646740182738],[108.19473300410917,16.209288158379653],[108.19483218633025,16.208447018074935],[108.19477115110892,16.207991161222445],[108.19467959859817,16.207630673445603],[108.19413028197678,16.20643858012552],[108.19404635819544,16.206078091574643],[108.19397006434633,16.2048039822741],[108.19363437133018,16.203741589528253],[108.19355044726112,16.203228511838553],[108.19359622475821,16.202637234176958],[108.19374881284357,16.202196636070866],[108.19474826244195,16.200733700160868],[108.19490084991695,16.20038846983581],[108.19487796226421,16.200064220017907],[108.19469485653991,16.199629345001565],[108.1943744225232,16.19931081782569],[108.19403109886261,16.199106730501885],[108.19375644132558,16.19905332589901],[108.19345889574453,16.19907621351078],[108.1930316483659,16.19917921093533],[108.19168124631602,16.199980297376325],[108.19100222968166,16.200295010332717],[108.19070468306252,16.200394191981438],[108.18816409541604,16.200470485945115],[108.1863177809811,16.200651683842473],[108.18590579416168,16.20042852456911],[108.18531070120126,16.199276485813204],[108.18517337181373,16.1991238986235],[108.18505130208474,16.19905141859086],[108.1848529369669,16.19903425237292],[108.18454013203458,16.19903997454338],[108.18360171690476,16.19945386914758],[108.18330417029378,16.199514904362786],[108.18297610606523,16.199518719382873],[108.18251834340843,16.19945005390269],[108.18174777414707,16.19940618547087],[108.18147311599452,16.199484387069873],[108.18020663611449,16.200037517988306],[108.1799472370748,16.200060406570888],[108.17933688544684,16.199974575148183],[108.17870364523823,16.199774303464356],[108.17771182412449,16.199236431822523],[108.17655215551869,16.198359051695284],[108.17611728064959,16.197947064892812],[108.1757510702247,16.197418728232417],[108.17556033465527,16.196583309264884],[108.17554507611729,16.1958222769627],[108.1750644240401,16.19493345330221],[108.17456088420738,16.194521465373466],[108.1736682446455,16.194172421172926],[108.17297396971593,16.19382146837486],[108.17266116487008,16.193748989693166],[108.17147860852414,16.193899670268593],[108.1698306594365,16.193964520193436],[108.16898379621632,16.194128552740544],[108.16843447934357,16.194059887366056],[108.16717562930614,16.193279781694557],[108.16668734893166,16.19311574972107],[108.16626773130298,16.193069973385644],[108.16601596165162,16.193157711671926],[108.16494784642701,16.193968334963856],[108.16481051800454,16.19400266747396],[108.16463504173836,16.19397977849806],[108.16389499038927,16.193682232452872],[108.1638034377108,16.19358877305784],[108.16363559054551,16.19306615878907],[108.16268954564217,16.191875974086578],[108.16194186567124,16.1912770661278],[108.1612704780286,16.19109586773824],[108.16069827372434,16.19108442383984],[108.16028628646555,16.19101003735561],[108.16008029217271,16.190903226073488],[108.15987429911475,16.19052747735854],[108.15976748729128,16.190479795110075],[108.15946994101567,16.190479795078016],[108.15917239420199,16.19038061146437],[108.15900454853619,16.190363445750595],[108.1564181829746,16.19066289963427],[108.15625033608956,16.1906304751386],[108.15596804900359,16.190393963449782],[108.15557895066607,16.18997053272112],[108.15518222163752,16.189314405110675],[108.15483126917341,16.18850187420765],[108.15473208709201,16.188419858007528],[108.15464053410805,16.188406506911008],[108.1545718704886,16.188461819872433],[108.1545184638726,16.188437024075235],[108.1543963939719,16.187914410923568],[108.15389285309372,16.187254467846135],[108.15383944787142,16.187134304702777],[108.15385470746796,16.18701032701059],[108.15409121780927,16.186552563638884],[108.15407595901937,16.186453382025114],[108.15360293629749,16.185947933751375],[108.15350375425518,16.185785809862132],[108.15347323659047,16.185228863758027],[108.15331301909822,16.185001888710723],[108.15325961387272,16.18485693029075],[108.15309939627687,16.183756391097297],[108.15292391957468,16.183130780102182],[108.15280947861699,16.182037869458853],[108.15282473828313,16.18193105753209],[108.1529620670192,16.18184141257196],[108.15298495572938,16.181768932655817],[108.15280947909562,16.181576290979457],[108.15274081508745,16.181435146801707],[108.15271029654355,16.181129971977875],[108.15270266792784,16.18084005431202],[108.15274844395219,16.180578747837632],[108.15343508945618,16.179430523091018],[108.15345797761805,16.17927602804185],[108.15303073171305,16.177567043663814],[108.15292391926495,16.17693761872087],[108.15267977988312,16.17647031847869],[108.15261111438511,16.175709286792255],[108.15264163256985,16.175314464987917],[108.15272555583554,16.17503217708821],[108.1529315492225,16.174643078006536],[108.15314517288034,16.174347439232836],[108.1532519836162,16.174252071694355],[108.15352664256189,16.174257793095087],[108.15356478948978,16.174200573548042],[108.15353427173238,16.173718014492867],[108.15355715961454,16.173464335812866],[108.15363345373714,16.173302212220047],[108.15377078237803,16.173161068334995],[108.15369448809528,16.17281011610732],[108.15374026506889,16.17260030786324],[108.15393099937899,16.17229131697885],[108.1539386296555,16.17216352509522],[108.15390811151924,16.172068156879305],[108.1537478942339,16.17206052836116],[108.15366397118326,16.171999492749666],[108.15329776016421,16.17122129417977],[108.152702667472,16.17058614689531],[108.15209994530836,16.16973165526281],[108.15197024520592,16.16934255618858],[108.15196261647657,16.168798962080874],[108.1519015814036,16.168610133763497],[108.15177188130744,16.168524303201554],[108.15147433476328,16.16852430323407],[108.15132937631563,16.16846517627166],[108.15099368316312,16.168053187821414],[108.15083346493962,16.167778530250747],[108.15082583609086,16.16750959406331],[108.15145907599297,16.165686168857317],[108.15167269930582,16.16538290033018],[108.15193209779487,16.1652226826399],[108.1526416319776,16.16522268325915],[108.15354953053449,16.164890803498114],[108.15364108179647,16.164759196420587],[108.1536868591829,16.164289989664947],[108.15390048253283,16.163488902691842],[108.1539157409649,16.16297582575918],[108.15367159997281,16.162102261019076],[108.15337405435861,16.16158155326259],[108.15283236715932,16.16112760434325],[108.15221438641692,16.160866298923306],[108.15050540114105,16.16069272997628],[108.15032992478572,16.160591640731607],[108.1501773369796,16.160397090405752],[108.15003237891021,16.160404719547685],[108.14932284521703,16.160860577192427],[108.14862094088365,16.160824337005543],[108.14844546450817,16.160889187132046],[108.14822421209058,16.16114095695359],[108.14804873630422,16.161270656464907],[108.14754519607897,16.16148809350895],[108.1470035087541,16.16218809056837],[108.14682040400099,16.16251996961114],[108.14675173899177,16.16287473728804],[108.14689669783104,16.16376928317527],[108.14684329242633,16.164015330787887],[108.14657626305775,16.164427318633265],[108.14627871686241,16.16463712737246],[108.14569888345756,16.16473821594868],[108.14511141868893,16.164772548727253],[108.14456973196381,16.16490606293182],[108.14375338745678,16.164997615867517],[108.14308963029603,16.164969006298286],[108.14187655555621,16.16465810842658],[108.14107547027967,16.164282360292063],[108.14032016032185,16.16382078245024],[108.13951144353607,16.163149395535314],[108.13867984009416,16.162252941457538],[108.13829074091662,16.161703625543574],[108.13798556504335,16.16116956766978],[108.13723788349965,16.159538784457215],[108.13697085462259,16.159325161432527],[108.13691744947307,16.159227885864855],[108.13684878494733,16.1589131741328],[108.13675723186715,16.15820936255418],[108.13671908438555,16.15620473865738],[108.13681063766956,16.15539602277192],[108.13676486123408,16.15480474494742],[108.13694033739358,16.154320278313268],[108.13689456071006,16.153961696671853],[108.13697085476193,16.15375760956779],[108.13694796654279,16.153564968328112],[108.13671908456766,16.153084316144827],[108.13671145563055,16.15285734162331],[108.13703951972855,16.151213207158406],[108.13762698234125,16.149336375826543],[108.13805422832434,16.148235835559273],[108.1382068162237,16.147974528304676],[108.13930544968171,16.14705518614807],[108.13937411413286,16.146944560318307],[108.1395648487848,16.146359004869474],[108.13926730172075,16.14484838425673],[108.13919863796704,16.144676723396916],[108.13903842036343,16.144550838262948],[108.1381305224736,16.144222774750695],[108.13781771749147,16.14406827844136],[108.1376346123069,16.143852748427495],[108.13667330822875,16.141920604464424],[108.13623843295096,16.141304530459564],[108.13596377420579,16.141134776469965],[108.1356509685361,16.141068019837466],[108.13443789526731,16.14101079837404],[108.13426241898897,16.14096502245339],[108.13410983072191,16.140873469811567],[108.13375124957992,16.140532054767018],[108.13350710899324,16.14046911166777],[108.13319430385718,16.14053777664378],[108.13250765850252,16.140993632226834],[108.132011747457,16.14121107058826],[108.13182864203317,16.141249217716545],[108.13124880930097,16.141249217491655],[108.13111910929119,16.1412015338831],[108.13081393251647,16.14092878228429],[108.13062319817575,16.140856303883513],[108.13041720517639,16.140835322351148],[108.13017306417768,16.14087728450723],[108.1296390058193,16.141182460567332],[108.12937960645188,16.14168409364008],[108.12901339541644,16.142109431545364],[108.12879977258186,16.14225057567989],[108.12818942072973,16.142525234124133],[108.12786135642847,16.14256528856589],[108.12773928692043,16.142616787208116],[108.12767062190932,16.14267591436854],[108.1275866985833,16.14285329819591],[108.12750277618987,16.1429067037563],[108.1273501874756,16.142933406816518],[108.12715182393336,16.142906703688496],[108.1269000542276,16.142782725541583],[108.1264270312451,16.1424546616694],[108.12595400890002,16.14197019600538],[108.12540469149745,16.14117673868436],[108.12476382304045,16.139658488951866],[108.12461123493138,16.13946966132024],[108.12427554174218,16.139256038865422],[108.1240466599034,16.138575115010525],[108.12393984888237,16.137672938658234],[108.12333712542899,16.13604787762946],[108.12328372028007,16.135740794735263],[108.12317690816535,16.134214915573217],[108.12319979644221,16.133423366978473],[108.12350497209388,16.132185496872893],[108.12371096665183,16.130583323484423],[108.12405428871466,16.129599132355374],[108.12402377142597,16.12896017040371],[108.12417635942114,16.12833646691508],[108.12442812923165,16.127697505679087],[108.1245501989326,16.12709096850874],[108.12491641010512,16.12612203558542],[108.12502322235976,16.125654734971842],[108.12500796348294,16.125319040760974],[108.12483248689615,16.12427381386112],[108.1256793499934,16.123383082183985],[108.12623629461025,16.1228795418374],[108.1266101361465,16.122837581232712],[108.12800631468103,16.121910609095124],[108.12870821891475,16.121094263878906],[108.13053927365311,16.118658579220607],[108.13076815593725,16.11843541918353],[108.13098940803958,16.118393457720764],[108.13184390039127,16.1186318764678],[108.13227114564941,16.118685282990228],[108.13255343420704,16.118671930334365],[108.13389620705745,16.118113077449593],[108.1341174599926,16.117962397206515],[108.13420901302914,16.11779073502256],[108.13423190073836,16.117582834844498],[108.13412508907118,16.117367304199565],[108.13370547289172,16.11713651542843],[108.1334613315659,16.117107904377693],[108.13216433527703,16.11735967461894],[108.13205752319102,16.11733487956173],[108.13197360022612,16.117233789911694],[108.13191256502031,16.117048777235844],[108.13153872530393,16.11655095956181],[108.13141665378735,16.11631635511833],[108.13110384852452,16.115448511487436],[108.13105807315175,16.114958322012843],[108.13107333043924,16.114344156015566],[108.13116488346986,16.113779581293127],[108.13125643687538,16.11359266149502],[108.13195834082741,16.11267522653149],[108.13201174679753,16.11257985938455],[108.13208804115837,16.112207925843915],[108.13232455214461,16.111811197629905],[108.13314089674729,16.111019647831036],[108.13327059694487,16.110588587232925],[108.13337740871086,16.110394036950613],[108.13607821373533,16.10703328857408],[108.13668093508832,16.106194056105505],[108.13687167044196,16.10600141309201],[108.1372302523634,16.105797326810887],[108.13739046912902,16.105604685101802],[108.13765749857484,16.105099236740763],[108.1380771152252,16.104742562583493],[108.13871798454603,16.103647744469697],[108.13898501356672,16.103390252395315],[108.13938174135379,16.103180444395388],[108.13990816927972,16.102509057714922],[108.14150271336673,16.1007123353174],[108.14250216360469,16.099628961230895],[108.14333376748365,16.098984276849823],[108.14415774254024,16.097937141924728],[108.14459261873732,16.09749082310451],[108.14623293754981,16.096252953482363],[108.14754519355812,16.095007455303882],[108.14839205582916,16.094337974922208],[108.15435824349677,16.089479957242414],[108.15454897712216,16.089354072906225],[108.15790591102655,16.087013756591762],[108.16374239817623,16.08328107399753],[108.16580233404383,16.08205655697575],[108.16899905135436,16.08031323918056],[108.17076144095347,16.07940152653033],[108.17168459790481,16.078924689001166],[108.17375216279173,16.078009162269236],[108.17616305217238,16.077017340446368],[108.17810091839982,16.076395545076977],[108.1782992827499,16.07627919738893],[108.17845950007971,16.076189551361562],[108.18114504688273,16.075300726869425],[108.18372378184658,16.074575933332994],[108.18587527105991,16.07409909642904],[108.18653902936956,16.073936971702825],[108.18858370626228,16.073584112575126],[108.1930011262788,16.073084387186835],[108.19660982928531,16.07308438762456],[108.19948611110087,16.073370489135964],[108.20114931896782,16.073608906666387],[108.20140871911265,16.074297460058272],[108.20285830484896,16.07572797243774],[108.20306429762744,16.075943501815484],[108.20445284776126,16.077732595353417],[108.20515475171712,16.078911337272253],[108.20603213320156,16.080502065219694],[108.20687899561271,16.08266118409521],[108.20703158264273,16.083439382067535],[108.2072528363105,16.08491185540991],[108.20733675882484,16.08598378560299],[108.20727572426371,16.087053808881752],[108.2069324009254,16.088678869086877],[108.20703158316265,16.088863882218764],[108.20719180125181,16.088963064096333],[108.20877871517382,16.089319738264233],[108.20955691292122,16.089430364495524],[108.21183047294595,16.089443716133093],[108.2122119418033,16.089565786554047],[108.21289095786355,16.09002736521217],[108.21348605165971,16.090530905649366],[108.21350131038903,16.09142545128595],[108.21342501684849,16.092560323580148],[108.21349368167824,16.092714819054482],[108.21367678604861,16.092846426362424],[108.21382174555588,16.09379819334122],[108.21407351576329,16.09458974289395],[108.21474490135589,16.095890554687255],[108.21488223012047,16.096031698371366],[108.2150805952117,16.09605649457173],[108.21563754073932,16.09566548775091],[108.21642336846568,16.094975027807575],[108.2171710499101,16.094080480515135],[108.21973452551642,16.095634969029053],[108.22391543393192,16.09819081726092],[108.22354159425126,16.10133794283705],[108.22369418217582,16.10152295517092],[108.22374758807965,16.102596792905604],[108.2235263354608,16.103567632209327],[108.2235034465876,16.104126486679537],[108.2232211599474,16.104513677906777],[108.22311434775742,16.10495999792675],[108.22315249529449,16.105429205280743],[108.22296939007039,16.107306036536958],[108.22301516622656,16.10753873245882],[108.22363314699696,16.10797170096514],[108.22460207984402,16.108824285553798],[108.22501406772302,16.10903790874526],[108.22531161474534,16.109081778078906],[108.22565493657277,16.109203848959122],[108.2263492113574,16.10922292129095],[108.22692904495135,16.109364065371643],[108.22728762720062,16.109358343599357],[108.2274402150365,16.109276327274944],[108.22753939758607,16.109165701911852],[108.22757754412696,16.108873876735704],[108.22754702632966,16.10833409788445],[108.2286456587635,16.10153439944497],[108.22855410604599,16.101303610133712],[108.22834048266607,16.10124638922131],[108.22806582528543,16.10130361020938],[108.22734103317934,16.10114911402728],[108.22701296941516,16.101063284247214],[108.22679934628127,16.100914511019425],[108.2262500285753,16.10099271222998],[108.22587618866439,16.10091832559986],[108.22579989510663,16.100832495183887],[108.22622714070344,16.099928411162786],[108.23387942448758,16.103785070454787],[108.23397097577634,16.10378507009676],[108.23402438222429,16.103714498377542],[108.23442874043415,16.102560552398785],[108.23760256810935,16.10360768752323],[108.2387164603937,16.104015858762107],[108.23876986624634,16.10418752137933],[108.2384418026,16.104794057786542],[108.23821292011293,16.10504773551744],[108.23775515605017,16.10542538979399],[108.23741183324601,16.105804951888373],[108.237198210701,16.10596516987942],[108.23713717516365,16.10597279911442],[108.23706851094786,16.105888875960055],[108.2367557057564,16.105022939563625],[108.23670992968182,16.104870352583838],[108.23677096446863,16.104698690157107],[108.23672518873136,16.10458997097976],[108.23664126549976,16.104561361249832],[108.23651919393471,16.104605230265246],[108.23630557133822,16.105043920129773],[108.23629031257292,16.10551312811128],[108.23636660633969,16.105816396650365],[108.23658022978496,16.10616925621175],[108.237129546357,16.10682729140948],[108.23736605695629,16.10698560085225],[108.2375110160733,16.107014211450753],[108.23764834505496,16.10691312262222],[108.23772463933523,16.106472524504355],[108.23805270310804,16.1057153068405],[108.23852572518149,16.105015309982672],[108.23933444162572,16.104164632745174],[108.2398074630796,16.103903325771732],[108.23989138697705,16.103655370135744],[108.2398532400402,16.103519948544765],[108.23950228786018,16.1032014216174],[108.23936495829989,16.103151830427638],[108.23746523944095,16.10284474712995],[108.23547396678926,16.102243933492176],[108.23502383272044,16.102041754054163],[108.23491702155597,16.101936849192278],[108.23487887418452,16.101776632354497],[108.23539004418171,16.09987881976393],[108.23602328393774,16.09777119982644],[108.23596987826299,16.097586187177566],[108.23592410085355,16.09754613285292],[108.23571810780022,16.097527058656176],[108.23465762198559,16.09484723521924],[108.23480258015603,16.09462979653392],[108.23675570501143,16.092838795786605],[108.23690066387482,16.092850239584042],[108.23728976261386,16.093122990934628],[108.23751864473508,16.093477757998638],[108.2388614181657,16.096401724144773],[108.2415088179344,16.102501424489922],[108.24227938756694,16.103413136457846],[108.24241671622976,16.10364583416216],[108.24245486352108,16.103802236185974],[108.24240145727597,16.10422375991182],[108.24242434600428,16.10454610212177],[108.24238619982894,16.10547116625713],[108.24211917013251,16.106564077454575],[108.24196658215493,16.10679295942724],[108.24185214170593,16.107159170384783],[108.24179873571302,16.107248815014493],[108.24166903658879,16.1073327390118],[108.24082980224328,16.11009457940333],[108.2395938407804,16.109762700864785],[108.23956332364703,16.109861883337253],[108.24080691477681,16.110220464212734],[108.24071536174203,16.110561880536007],[108.24147067166003,16.110781225161244],[108.24150118965416,16.110828909502644],[108.24150118980525,16.111063513608027],[108.24157748370192,16.111160787444035],[108.24185214152118,16.111321005028557],[108.24214205862795,16.11157658964781],[108.24215731771874,16.111628088553992],[108.24210391160106,16.11174252890575],[108.24193606497475,16.111795934663018],[108.2417758478541,16.112139257386122],[108.24178347679664,16.112186941588085],[108.24185214184588,16.112223181474857],[108.24195132385144,16.112144979161485],[108.24203524743697,16.112286123404903],[108.24203524731566,16.11248639491595],[108.24193606481644,16.112656149700474],[108.24178347710033,16.112785848093313],[108.24161563045848,16.112839254621154],[108.24113497900322,16.11285069848893],[108.24101290852147,16.112814459565925],[108.24092135525503,16.112730535370485],[108.24076876805701,16.11246159970315],[108.24053225639753,16.112398657708244],[108.24044070380593,16.112431082211685],[108.24023470925114,16.112616094304155],[108.24012026859386,16.112604650768006],[108.23922762967464,16.111971411265262],[108.2390750412338,16.11200574358844],[108.23885378922787,16.1121793121222],[108.23867831396672,16.112385305716924],[108.23835787877411,16.11236623229421],[108.23706088199593,16.11201146556279],[108.23621401821204,16.11216023892401],[108.23538241460783,16.112595114580742],[108.23475680473462,16.112751516466087],[108.23439059370568,16.112980398370023],[108.23426089397437,16.11310819017355],[108.2342227475491,16.113317999440632],[108.23430667067174,16.113495382729525],[108.23443637088107,16.113508735030223],[108.23455081089779,16.113623175051405],[108.23494753956201,16.1142812103635],[108.23481021103152,16.114429983199873],[108.23457369956415,16.114548239416266],[108.23445162865929,16.11451199942821],[108.23445162843556,16.114410909591733],[108.2343753350691,16.114273580423585],[108.23426089357822,16.11418012068256],[108.23413119488572,16.114149603336298],[108.23398623587697,16.114159139965295],[108.23364291337676,16.114283117537955],[108.23352084222027,16.114368949008938],[108.23313937233584,16.114738974154744],[108.23311648436271,16.11484197033737],[108.23318514994953,16.115051780103222],[108.23316226175338,16.11512235083262],[108.23293338009759,16.115450414808777],[108.23282656771144,16.115793737434913],[108.23275027401688,16.115860494727464],[108.23267397961737,16.115883384115175],[108.2325213929457,16.11583569991564],[108.23244509897985,16.11571553677534],[108.23222384552352,16.11562207687815],[108.23196444660712,16.115257772531017],[108.23197207609478,16.115198644789935],[108.23210940463846,16.11504987164757],[108.23209414549952,16.11498311486174],[108.23201785205957,16.114954504460194],[108.23194155840628,16.11497548541925],[108.23171267657196,16.115238700053762],[108.23164401148155,16.115423712668083],[108.23112521296918,16.115765127991985],[108.23107943695247,16.115812811659644],[108.23109469563637,16.11586430986723],[108.23101077191053,16.115940603854956],[108.23037753257768,16.116318258988535],[108.23018679723715,16.1164727542651],[108.23002658041334,16.116777930229635],[108.22996554474373,16.11681416984075],[108.22979006865057,16.116800817897584],[108.22963748097771,16.11683705766153],[108.22941622884034,16.116972479887252],[108.22893557683503,16.11702779265621],[108.22842440729423,16.117241416386236],[108.22740969778214,16.1169896459923],[108.22710452185797,16.11695912824376],[108.2264102476023,16.11667111911917],[108.22625765932862,16.1167035429778],[108.22612795929983,16.116682563294347],[108.225990630519,16.116606269394218],[108.22592196589913,16.116434607325356],[108.22568545415287,16.116467032005406],[108.22550997891601,16.11658338071668],[108.22509799151975,16.116982015910583],[108.2230533135478,16.118418250345307],[108.22288546672436,16.11858418902628],[108.22267947340752,16.119228873412638],[108.22123751778679,16.119041953452843],[108.22121462955599,16.119143041941104],[108.22264895576485,16.119408164764106],[108.22245822027143,16.12012914218218],[108.22233615077958,16.12033513568378],[108.22182498073914,16.120770011705137],[108.22163424639622,16.120848212190033],[108.22142062302366,16.120798621199075],[108.22054324274053,16.120401892108827],[108.2190631405243,16.11930707468055],[108.21891818137328,16.119177375082877],[108.21851382365402,16.118465934210565],[108.21846041795048,16.118071112658978],[108.21850619433276,16.117929969362166],[108.21859774738786,16.117834601120684],[108.21873507615012,16.117811713734163],[108.21955905026068,16.11794141343097],[108.21974978563928,16.117998633347636],[108.2200778496932,16.118277106417416],[108.22011599693651,16.118223700124332],[108.21973452699336,16.117903266633025],[108.21877322360957,16.117662940329858],[108.21862826433522,16.11754849915097],[108.21856722955813,16.117434058540926],[108.21861300593217,16.116871390319325],[108.21846804723475,16.116205725415085],[108.21848330636735,16.116083655396125],[108.2185901177914,16.115831885151604],[108.21921572778267,16.11519483092536],[108.2191470633393,16.115128073854923],[108.21852908225912,16.11571362997759],[108.21844515965073,16.11575559111626],[108.21778140112056,16.115976844270698],[108.21767459082506,16.115990195754463],[108.21750674315578,16.115946326050874],[108.21747622604774,16.116280112674954],[108.21702609109772,16.116922889418763],[108.21671328600253,16.116684470654448],[108.2153552549219,16.118292365770987],[108.21578250077192,16.118650946544143],[108.21538577104091,16.119194541310637],[108.21405062721938,16.118191275229794],[108.2138446347309,16.118431601828746],[108.21516451983356,16.119461570724752],[108.21465335064474,16.1200776436723],[108.21332583534574,16.11906293481207],[108.21314272911019,16.11928800151361],[108.21446261567417,16.120310340933788],[108.21392092812468,16.120932135654645],[108.21366152848616,16.12102750385632],[108.21282992477362,16.12122014615429],[108.21268496665307,16.12141278802255],[108.21291384899241,16.122429405069038],[108.21347079402837,16.122900519482275],[108.21386752300869,16.123341117582495],[108.21438632134839,16.124445473118065],[108.21472964356211,16.124743018881812],[108.21521029551305,16.124943291237503],[108.2157748720301,16.12495282706524],[108.21685061601818,16.124838385744596],[108.21870455853134,16.123840842872184],[108.21904025200064,16.123610053669214],[108.21931491066286,16.12359097945624],[108.21994052052356,16.123762641856466],[108.22064242469789,16.124166999668393],[108.2210773008969,16.12462667020505],[108.22131381138959,16.12505963876848],[108.22139010548771,16.125483069903282],[108.22084078898102,16.126144919323433],[108.22082553098079,16.126251731446054],[108.22100100714958,16.12670568068468],[108.22101626618975,16.126839194462562],[108.22098574755674,16.126963172429836],[108.22079501319035,16.127193961583732],[108.22051272552866,16.128582511898024],[108.22055087271929,16.12875989511202],[108.22160372874582,16.13008550261315],[108.22168002311722,16.13028386707637],[108.22162661748614,16.130878960282388],[108.22171053979994,16.131044899088344],[108.22191653441335,16.131174599262863],[108.2226947319646,16.13146832989619],[108.22305331403336,16.13169339681675],[108.22324404925851,16.131916557029967],[108.22344241313725,16.132442984645326],[108.22360262972929,16.132635627897553],[108.22422824115101,16.133064780970397],[108.22435794045529,16.133204017673982],[108.22464022846872,16.134678397677057],[108.22480044540973,16.13481954174544],[108.22544131459074,16.13491490879355],[108.22573886134397,16.1348901141276],[108.2259524843068,16.13471654501876],[108.2261050727669,16.13449910694051],[108.22624240144187,16.134384665610668],[108.22671542288042,16.134146247386717],[108.22700533987175,16.134121452168163],[108.22732577488654,16.134230170667635],[108.22765383911225,16.134485755590198],[108.22776828048808,16.134691748403217],[108.22780642755401,16.135082755543305],[108.22789035043847,16.13522962143229],[108.22838626143474,16.135523353115293],[108.22850833172336,16.135748420976483],[108.22874484235314,16.136633429636877],[108.22886691320916,16.13681844274018],[108.22938571179,16.1373429634885],[108.22962222352935,16.137733970997573],[108.22964511146128,16.13804868253612],[108.22954592961548,16.13840726450058],[108.22930941756982,16.138849769016623],[108.2292712706969,16.139092002872506],[108.22956118752307,16.141199623168355],[108.22966799968034,16.141392264745193],[108.23146090789814,16.142309699690607],[108.23165164226596,16.142462288014],[108.2318347479856,16.142738852904415],[108.23186526567929,16.142981087085577],[108.2317813416021,16.143211876363996],[108.23129306041893,16.143608603959088],[108.23121676699405,16.143776450912796],[108.23120913793552,16.144827400176823],[108.23123202559688,16.144987617208884],[108.23134646681365,16.14521840684791],[108.23151431292598,16.14592793987309],[108.23149142518061,16.146454368442352],[108.23103366185312,16.146748100582098],[108.23096499672202,16.146948372662848],[108.23093447936901,16.147421394158325],[108.2302707222388,16.148323570304147],[108.23020205840704,16.148773704267228],[108.23027072151974,16.149235283460843],[108.2304614566192,16.149538551362333],[108.23093447889619,16.149935280664096],[108.23146090766929,16.14999440848189],[108.23197207702344,16.149853264452947],[108.23415408392285,16.147528206151346],[108.23445926028883,16.147421394448312],[108.23476443640354,16.147528205671208],[108.23552737500256,16.1483941425701],[108.23584781017793,16.148560080800312],[108.23670993126353,16.148762260311695],[108.23702273571979,16.148914848485305],[108.237305023827,16.149342094014592],[108.23749575882016,16.149817023908223],[108.23770938184097,16.14994672404973],[108.23802981577182,16.149876151793055],[108.23953280697395,16.14909413917609],[108.23983798289171,16.149141822598004],[108.24053988707828,16.150078330723137],[108.24069247497154,16.150196585591278],[108.24145541568474,16.150337730360807],[108.24167666769154,16.150492226240598],[108.24182162483692,16.150730643883524],[108.24190554947268,16.15154698940569],[108.24201236021825,16.151855979927618],[108.24224124208985,16.152128730728137],[108.24281344728715,16.152357611605964],[108.24424777343648,16.153599296362238],[108.24581942840801,16.15488675660832],[108.24620852711784,16.155050789043038],[108.24711642536914,16.155136618896897],[108.24790988224923,16.15538838880896],[108.24913058556969,16.15547994192489],[108.24955783273265,16.155373130832025],[108.25024447761761,16.154896293456265],[108.25065646486732,16.154789481684443],[108.25129733384048,16.154526268132553],[108.2521289378596,16.15444043702712],[108.2535022282046,16.154518637980395],[108.25386081078463,16.15441945571179],[108.25484500240027,16.153721366888806],[108.25524936101758,16.153643164920094],[108.25579867698401,16.153708014781728],[108.256111481519,16.15367177575414],[108.25685916225814,16.15344480033324],[108.2577518015082,16.152975592434107],[108.25817904771425,16.152632270806077],[108.25841555974161,16.15255406890884],[108.25897250479724,16.152689490581793],[108.25913272249525,16.152632270057335],[108.2593844928481,16.151871238665283],[108.2604907542648,16.150747809065074],[108.26083407771296,16.150091681609904],[108.26112399445023,16.149023565996107],[108.26146731670673,16.14866117014164],[108.26160464536379,16.14835599388232],[108.26173434571484,16.146917853486894],[108.26188693342172,16.1466336577792],[108.26235232636871,16.14634755638846],[108.26255832066919,16.146276983880895],[108.26262698477042,16.14610532334489],[108.26274905581619,16.14519551686579],[108.26290927251107,16.144995245993766],[108.2632297078493,16.144846473309144],[108.26356540013056,16.14478925169375],[108.26378665250284,16.144669088572254],[108.26435885763247,16.144041571088646],[108.26445803923725,16.14357236353284],[108.26454196195567,16.14338735114293],[108.26468692141223,16.143215689168734],[108.26526675568434,16.142939123407412],[108.26536593731862,16.142845663892242],[108.26522860816142,16.142561468699],[108.26522860793622,16.14241269624966],[108.26541171293343,16.142027410550863],[108.2655871892829,16.141878637930574],[108.26738009738956,16.140888723236092],[108.26754031462488,16.14073995078866],[108.26760897959744,16.14039853549581],[108.26774630847389,16.140242132881234],[108.26841769487021,16.139914068320763],[108.2686007998887,16.139898809535186],[108.26866183497492,16.139956030247486],[108.26860843046026,16.140116247258202],[108.26869235356044,16.140213522573237],[108.26898989907619,16.140177282705853],[108.26963076940056,16.1399846404995],[108.2697528392478,16.13979962726659],[108.2697223213715,16.13935140090081],[108.26959262245295,16.139231237568154],[108.26911197057291,16.139030966225516],[108.2689288646757,16.13885358282599],[108.26892886459106,16.138697180194903],[108.26904330550614,16.13859036855399],[108.26981387382142,16.138269933461867],[108.26989779729,16.13815549329701],[108.26985965009884,16.13803533018717],[108.26950869800724,16.138035330250748],[108.26950869849834,16.13787892766249],[108.26961551048701,16.137621435543686],[108.27063784960565,16.135429891163557],[108.27085147244017,16.135109456826132],[108.2710879828759,16.134882482050166],[108.27138552918068,16.134691747349446],[108.27204165735517,16.134451422169995],[108.27246127411769,16.13441136743372],[108.27262149086282,16.13435986961949],[108.27291903813177,16.134089024737985],[108.27355227727166,16.13375714681296],[108.27411685337039,16.13371327786353],[108.27428469959997,16.133648427807852],[108.2746966865122,16.133240255140898],[108.27484927420477,16.13319447920092],[108.27546725483104,16.13320020089876],[108.27566562018582,16.133310826771293],[108.2761767888986,16.133764775602753],[108.2765582595419,16.13421109557259],[108.27704654034098,16.13503506973644],[108.27767978055036,16.13563397830472],[108.28051791566897,16.136660131410476],[108.28175387602167,16.137344869338065],[108.28250155704384,16.13747647610345],[108.28372989033147,16.137594732111587],[108.2855990918046,16.137108357621248],[108.28607211411024,16.137043507368627],[108.28698764179897,16.13709500687788],[108.2876361406459,16.136950048111306],[108.28800235178991,16.136766942641206],[108.28914676097386,16.135660680701097],[108.28946719478616,16.1355290724219],[108.29017672868986,16.135410817387765],[108.29203067139214,16.134502919596493],[108.29281649968172,16.134003194596097],[108.29397616665615,16.13300374309471],[108.29563174574102,16.131016286509848],[108.29624209720959,16.130503209162505],[108.29638705526389,16.13028004917624],[108.2968219311031,16.128859073747353],[108.2970660710564,16.128464252949442],[108.29933200161148,16.125834019059944],[108.29972873060245,16.12562230381973],[108.29994998268101,16.125334294095385],[108.30011782894974,16.124964267644717],[108.30033145259858,16.124912769597145],[108.30105624486777,16.12492612045096],[108.30205569542926,16.124821216932638],[108.30350528028805,16.12433293557522],[108.30522189399076,16.123201877797587],[108.3055804758667,16.123175174542762],[108.30848727580675,16.12395146552351],[108.3092654731042,16.12434628635643],[108.31017337190201,16.124990970227564],[108.31047091791223,16.125465900685445],[108.3105243232295,16.126003772359805],[108.30993686049595,16.12808278280901],[108.30984530728819,16.12937215078002],[108.30995211989318,16.130003484056196],[108.30997500807659,16.131582768130478],[108.31008944873236,16.13187268510796],[108.3109210524964,16.132622272677807],[108.31142459315441,16.133307010336253],[108.31209597933223,16.134937793843854],[108.3122256787265,16.135109455698583],[108.3126452956388,16.13538411353972],[108.31279025436946,16.135687382194337],[108.31242404334373,16.138306172165947],[108.31253085555036,16.140923053864643],[108.31268344308081,16.14154294266316],[108.31309542981064,16.14204266778416],[108.31360660028284,16.14230588172809],[108.31418643452778,16.14229253074493],[108.31442294557671,16.14242413757076],[108.31600222904167,16.144331485758855],[108.3164447340104,16.144608052112748],[108.31714663893828,16.144541295168867],[108.31774936146513,16.144331486366106],[108.31822238312883,16.14352849306727],[108.31856570613097,16.14335683084361],[108.31945834566216,16.143528492774013],[108.31998477300223,16.143463642952693],[108.32078586022358,16.142962009982995],[108.32176242244778,16.141817600652658],[108.3222888515341,16.141436131081747],[108.3237384360556,16.140739948678966],[108.32415805248203,16.140253574503742],[108.32584414848712,16.137068302514784],[108.32631717103384,16.13626721531092],[108.32823214959349,16.134121448033422],[108.32869754204046,16.13343861681204],[108.3312686480297,16.128016024506657],[108.3322757281114,16.12653020064684],[108.33577761977406,16.12252286032182],[108.33625064293093,16.122076541185706],[108.33751712227502,16.12140324693603],[108.33795199812519,16.12093403931467],[108.33807406775423,16.120430499224934],[108.33810458436388,16.11973622425738],[108.33803592112243,16.119528323232597],[108.33776889150936,16.11943486282222],[108.33760104506379,16.119310884710508],[108.33757052774672,16.119093446710327],[108.33792910886545,16.11858609329518],[108.33839450190409,16.118088274811512],[108.33841739100319,16.1179337794079],[108.33835635509345,16.117758302997977],[108.33808932653882,16.117674379916497],[108.33479342725519,16.118389636045727],[108.33416018778473,16.118450670914218],[108.33290896790753,16.118406801985067],[108.33207736354551,16.11804822045729],[108.32826266578469,16.115534335492892],[108.32756839179238,16.11533406300698],[108.32444796793882,16.115849047485124],[108.32366214161921,16.115782290376593],[108.32085452341138,16.11670163225404],[108.32025180146,16.116568118952923],[108.31946597452851,16.115938693252154],[108.31808505326556,16.11431172452733],[108.31637606925565,16.11282590043063],[108.31588015784027,16.11263135084134],[108.31507144173432,16.112473040594473],[108.31440768505759,16.11252263205807],[108.312782624116,16.112789661190202],[108.31217227226324,16.112667591113155],[108.31139407432597,16.112206011537864],[108.3111651923214,16.111900836581505],[108.31092105164042,16.111012011558493],[108.31030307085229,16.11045125167079],[108.30963168388124,16.108929186268497],[108.30904422032971,16.10607960851614],[108.3091052555263,16.105129748774164],[108.30934939574159,16.1042771636765],[108.30971560639745,16.103289157521093],[108.30975375334408,16.102972537048295],[108.30949435456523,16.102072267966022],[108.30957064846115,16.10156109940877],[108.31021151701636,16.099539309501527],[108.31018862954618,16.098917512903164],[108.30996737675409,16.09827282998792],[108.30960879551449,16.097931413885547],[108.30892977957231,16.097439318301852],[108.30860934457617,16.096863299604347],[108.308479644366,16.096746950748166],[108.30817446925462,16.096581011419026],[108.30712161256254,16.096254855407697],[108.30677066047555,16.09588864412198],[108.30645785547944,16.095806628532472],[108.3053058166308,16.095888644696068],[108.30399356052723,16.09620144926489],[108.30317721490667,16.096664935444114],[108.30259738104355,16.097294360623984],[108.30225405959908,16.097849398444726],[108.30207095313173,16.09797909826036],[108.30164370687947,16.098009616162216],[108.30152926638526,16.098146945492292],[108.30143771280076,16.098495989865633],[108.30130801465288,16.098717242101465],[108.30062136820766,16.09930852064883],[108.30049166797363,16.099718601018612],[108.30055270407203,16.099993258587],[108.30091128529612,16.100388079583748],[108.30095706116722,16.100632220783517],[108.30085787919973,16.10082104737004],[108.30056033292527,16.101103335336987],[108.30046877999523,16.10137608683827],[108.30050692737193,16.10217335877309],[108.30043063316856,16.102371723018784],[108.30016360460482,16.102690249426804],[108.30006442214867,16.102942019570325],[108.29994998182114,16.10358861064984],[108.29979739377323,16.103891880122287],[108.29959140001206,16.104118854260566],[108.29926333683238,16.10437825425753],[108.29867587370242,16.1046204872353],[108.29787478683072,16.104795962796093],[108.29695925972689,16.105122119586756],[108.29566989123882,16.10530522513188],[108.29551730303929,16.10535863132845],[108.29532656882525,16.105570347267427],[108.29516635186279,16.105593235070753],[108.29322848518483,16.105198414413596],[108.29299960359185,16.1052136718113],[108.29232058783717,16.10554745844801],[108.29202304062514,16.105616123610666],[108.2913287667846,16.105473072371627],[108.29075656152375,16.10528233752215],[108.28913912944718,16.104553729809915],[108.28876528890574,16.10443165951957],[108.28752932678117,16.104256183493245],[108.28662905943061,16.10394528530409],[108.28638491793913,16.103823215502597],[108.28572116082468,16.103283436568905],[108.28373751804504,16.101103335846975],[108.2832873838693,16.100288897972096],[108.28146395811497,16.09844067730856],[108.28035769588632,16.097685367318242],[108.2802737723679,16.09732297081754],[108.2802051082503,16.09730771239258],[108.27999911477572,16.097487003236907],[108.27989993305236,16.09752133490482],[108.27973971489716,16.09747365261528],[108.27967105087103,16.097286731065417],[108.27962527352145,16.09723141819963],[108.27954135112084,16.097225696386218],[108.27918276923917,16.09758046306745],[108.27864871189404,16.097700626752623],[108.2780231016448,16.097706348334764],[108.27755007903937,16.097612888498357],[108.27693972630922,16.09721806713206],[108.27675662202189,16.097202808715682],[108.27523837242761,16.097651035112932],[108.27490267918375,16.097900898829288],[108.27466616812264,16.098261387749265],[108.27452120835781,16.098360569267278],[108.2736667166242,16.098759205448307],[108.27341494677182,16.0987649272852],[108.27046237138329,16.097986728871266],[108.27001986624462,16.097668201551613],[108.26966128460099,16.097075016619627],[108.26947054992297,16.09651044176255],[108.2694705492742,16.096226246908326],[108.2694018853961,16.095901996636897],[108.26924929735668,16.09566739281075],[108.26893649283727,16.09549000983508],[108.26818118226008,16.095329792899555],[108.26760134822668,16.095015079630585],[108.26748690776908,16.095020801669072],[108.26743350129246,16.095083744946997],[108.26744113025093,16.095161945186057],[108.26787600607014,16.095470936587876],[108.2680438529391,16.095682651686978],[108.26803622345055,16.095839054549746],[108.267288542381,16.096210988104243],[108.26659426767205,16.097054035946773],[108.26666293219898,16.09712842153794],[108.26660189736519,16.097265751599057],[108.26652560391679,16.097334415955963],[108.266304351923,16.097334415599573],[108.26615176348572,16.09763386998053],[108.26605258022232,16.09771207066734],[108.26596865789752,16.09771588571393],[108.26583132838559,16.09762814751135],[108.26573214622663,16.097668201686023],[108.26544222916458,16.09816220482132],[108.26552615241718,16.098373920589896],[108.2644961849868,16.09959843932582],[108.26438174354469,16.09991315099506],[108.26435885571969,16.10026601114628],[108.264435149997,16.100668461524727],[108.26464114286628,16.100943120357563],[108.26464877310832,16.101049931225347],[108.26459536684698,16.10111478127126],[108.26409945530159,16.101286442336455],[108.26345858621215,16.101377994686334],[108.26328311024746,16.101446659784138],[108.26323733432024,16.101555378932467],[108.26305422903084,16.101633580191677],[108.26168093807851,16.102089436113264],[108.261238433309,16.102089436418538],[108.26023898290256,16.101883443245622],[108.2584308157791,16.1012025189944],[108.25742373536113,16.10064748114702],[108.2562564381229,16.099844487374973],[108.25537142844288,16.099083455211975],[108.2548755175225,16.098574193651086],[108.2536471849017,16.09684804245795],[108.25311312715897,16.095829518244965],[108.25280795191632,16.095039876220838],[108.25193820067093,16.09220174093359],[108.25176272511453,16.091742069762965],[108.25070223864576,16.089642078921425],[108.25024447509892,16.088909656711298],[108.24947390605027,16.086336644060722],[108.24918398906843,16.085241825625207],[108.24781832769177,16.07932141558474],[108.24720034588607,16.07536748183145],[108.2467883581246,16.072144062480444],[108.2466205121625,16.06852963636792],[108.24691042896617,16.063675433920576],[108.24728426901724,16.060099154552397],[108.24792513754974,16.056723147657138],[108.24844393686405,16.054251223065055],[108.24972567407303,16.04938176263494],[108.25077090096266,16.046917467858332],[108.25186953388521,16.043432741836384],[108.25202975097488,16.043024568659895],[108.25237307425559,16.042601137541837],[108.25256380944222,16.04239323651117],[108.25270113798119,16.041353731553155],[108.2549823272655,16.035753755255868],[108.25566897305812,16.03462841948774],[108.25575289565973,16.03443387070067],[108.25585970639342,16.033991365199146],[108.25639376452226,16.03316929837061],[108.25647768769022,16.032967118822167],[108.25660738743406,16.032137422557845],[108.25671419944281,16.031839876149125],[108.25790438436637,16.029785661055616],[108.25813326658576,16.0287003799838],[108.25830111326188,16.0282197277194],[108.2591250876873,16.026928453217227],[108.2600711323608,16.024448899620985],[108.2601932026046,16.02429249638123],[108.26046023129382,16.024183777589602],[108.26062044923673,16.02401402331066],[108.26079592539918,16.023338822395118],[108.26158938263596,16.021795777591798],[108.26209292277584,16.02103093052213],[108.26221499245678,16.02071621828593],[108.2624209865583,16.019886521455813],[108.26283297349521,16.01882031319339],[108.26296267331655,16.018486527050786],[108.26306948463973,16.018301513943477],[108.2634891012309,16.01791432244543],[108.26356539500844,16.017738846010065],[108.26382479392365,16.016283539582627],[108.26402315912395,16.015896348136398],[108.26445040562537,16.015463379264972],[108.26454195708301,16.01526882981667],[108.26475557976343,16.014540222814915],[108.26610598327983,16.011868027168905],[108.26624331190521,16.011230972718963],[108.26635775311858,16.0110383308433],[108.26718935674205,16.010172393449157],[108.26731905670948,16.009922531672977],[108.26763186170359,16.008871582512274],[108.26799807325713,16.00817349303978],[108.26867708895747,16.006426361684817],[108.26913485288792,16.005753067880125],[108.26927218237186,16.005432632995376],[108.26938662310823,16.004915740593045],[108.26976046320156,16.00428250125661],[108.26985964526114,16.003847625525],[108.27024874414948,16.003380325501592],[108.27034792702783,16.003141906587853],[108.27035555605428,16.00268223557453],[108.27075991425255,16.001640823502836],[108.27309450908365,15.997690704249425],[108.27433809947014,15.995287445192604],[108.27452120452331,15.994662787456019],[108.2746661633834,15.994329955811791],[108.2757647964077,15.992518927672213],[108.27677950537047,15.99004128203283],[108.27703127548428,15.989562537417449],[108.27761110971159,15.988699461638431],[108.27974734035155,15.984619643532813],[108.28077730783737,15.98254826218635],[108.28144106526082,15.980955626221684],[108.28166994716057,15.98049786180433],[108.28223452209475,15.979488875304863],[108.28300509065072,15.978510405244071],[108.2830890142968,15.978292013563044],[108.2831271608871,15.977854276737018],[108.28324160191225,15.977552915443148],[108.28426394141319,15.976033712721579],[108.28440889978599,15.975356603624009],[108.2845004517949,15.975148702489973],[108.2849811037696,15.974755788189485],[108.28505739837945,15.974648977341442],[108.2852176159653,15.974111104438396],[108.28562197290769,15.973684812672923],[108.28566774985534,15.973592306818082],[108.28578981981049,15.973063970603503],[108.28586611359164,15.972903753277162],[108.28627047172127,15.972574735693428],[108.28633150684247,15.972472692755991],[108.28640017209432,15.971900487285644],[108.28645357691025,15.971760297817067],[108.28681215844058,15.971311117504598],[108.28649935372451,15.9712691553247],[108.28634676561104,15.971194768815156],[108.286239953528,15.97111275283014],[108.28595003725849,15.970740819638959],[108.28578219117527,15.970624471348911],[108.28355440794192,15.969603086548698],[108.28273043252858,15.969106222011439],[108.2827299125516,15.969106515294053],[108.28263887957918,15.969157720068702],[108.28252443896498,15.969056631390933],[108.28241762795217,15.969049001277423],[108.2823413338779,15.968980337891919],[108.28240236881966,15.968933607769173],[108.28241762784891,15.968857313404714],[108.28236422145065,15.968843961526412],[108.28231081552386,15.96888496968902],[108.28222689267406,15.968840146408423],[108.2820666757665,15.968544507561102],[108.28194460500087,15.968599821276445],[108.28177675897277,15.968577886494785],[108.28171572275792,15.96853878517818],[108.28163942942932,15.96834328217513],[108.2815707650785,15.96853497179836],[108.2808612302716,15.968465352501944],[108.28025850851373,15.967397237166146],[108.27999147916773,15.967117811844442],[108.27799257826396,15.965955282747434],[108.27710756836491,15.965724492374678],[108.27663454609458,15.965432668947866],[108.27630648270177,15.965138936472108],[108.2759021240498,15.964566732831331],[108.27565035479043,15.96399643505553],[108.27571901797953,15.9639306311698],[108.2756350952088,15.96359303045902],[108.27545961927154,15.963503385899392],[108.27505526129312,15.962321782820888],[108.27503639571577,15.962325347179556],[108.27472719724057,15.962383771409867],[108.27449831530723,15.961889768663957],[108.27419313933412,15.961936498541704],[108.27390322258975,15.961902166768715],[108.27383455818357,15.961964155700395],[108.27371248812369,15.961971784716043],[108.27365908235438,15.961913610416117],[108.27291903118589,15.962057615116267],[108.2729114014865,15.961929822380302],[108.2725833375297,15.962030912388341],[108.27253756099961,15.961953664900483],[108.2723239384731,15.962049985188962],[108.27237734379179,15.962215925355336],[108.27177462097708,15.962444806894228],[108.27162203346353,15.962298894763661],[108.27121767669485,15.962578321808104],[108.27112612353777,15.962563062235494],[108.2709353882017,15.962420965672443],[108.27087435345419,15.962415243859251],[108.27066835905185,15.962543989555279],[108.27050814183397,15.962378050042174],[108.27043184867483,15.962348485348366],[108.27024874263314,15.96241524330209],[108.27016481929643,15.962360884009302],[108.27018770714554,15.962183500444139],[108.27003511958715,15.962135816670106],[108.26953157907727,15.962340856614828],[108.26879915806198,15.962432409745947],[108.2682116944983,15.96280052748545],[108.26761660140335,15.963633085693298],[108.26747927238958,15.964033628514386],[108.26748690234255,15.964200522168275],[108.26772341363808,15.964724088730451],[108.26767000774635,15.965115096197628],[108.2675708251586,15.965403105093388],[108.2669146968774,15.964976812774099],[108.2649081664709,15.96430828665667],[108.26505312518282,15.963975455228319],[108.26412233905667,15.963678861504981],[108.26415285629882,15.963592077553724],[108.26365694615204,15.963464284469733],[108.2630313348819,15.963228727955075],[108.26237520717751,15.963067557266273],[108.2615970087517,15.963007475202174],[108.26127657523256,15.963258292125182],[108.2610629515072,15.963512922924814],[108.26074251668244,15.963512923312141],[108.26071962951387,15.963578726250514],[108.26036867729135,15.963532949738815],[108.26036104740773,15.96368744498912],[108.2602008305226,15.963670278947852],[108.26017031172354,15.9639678254152],[108.26010164846946,15.963979268640117],[108.26007876046681,15.964911963013568],[108.25998720704622,15.964915778035921],[108.25995668897117,15.96524193444335],[108.25990328304209,15.965247655954592],[108.25973543675352,15.965612914563714],[108.25951418384834,15.966404463120819],[108.25946077912336,15.966871764432577],[108.25936159651265,15.967150236915744],[108.25932344983934,15.967396285623646],[108.25946077885503,15.96921208074695],[108.25934633788557,15.969563033691527],[108.25939211422047,15.96968891822181],[108.2595523316575,15.969683195920107],[108.25986513743707,15.969877745336532],[108.25991091341709,15.970010306740377],[108.2598956541359,15.970169569618713],[108.2598346194395,15.970182921534663],[108.25977358389481,15.970409895238806],[108.2598498787262,15.970677878074493],[108.26004061348488,15.970999266483405],[108.25930819100925,15.971245314639674],[108.25914034409813,15.971426512400493],[108.25866732221999,15.971693541506664],[108.25825533406174,15.971767928717544],[108.2575229125698,15.972037817864646],[108.25723299499343,15.972106482548082],[108.25704989020609,15.972125555143872],[108.25695833758827,15.972078825481779],[108.25632509742276,15.972149398004788],[108.2554706053189,15.972495581995098],[108.25481447761679,15.972618605229808],[108.25471529523035,15.972696806505503],[108.25441011937703,15.972675826511887],[108.2490161372391,15.971304442973453],[108.24831423342849,15.970998313075789],[108.24755892291248,15.97049095919412],[108.24453005396475,15.968925978649803],[108.24463686506205,15.968500640231504],[108.24258455778953,15.967583206235002],[108.24300417514918,15.96647789706065],[108.2429507688532,15.966391112908832],[108.2426608521241,15.966260459163042],[108.24275240517518,15.966068771182819],[108.24266848058255,15.96589806295192],[108.24223360587264,15.96593048810823],[108.24210390628845,15.96609833488455],[108.2416995482295,15.966262366655192],[108.24118837858228,15.965916182931373],[108.24008211661278,15.965328720243606],[108.23923525354692,15.965036895107191],[108.23917421868182,15.964920546453937],[108.23811373277213,15.964840438097966],[108.23696169376912,15.964425589545707],[108.23568758497876,15.963827636044543],[108.2328494492523,15.962911155185417],[108.2328952261258,15.96274807702481],[108.23242983345497,15.962586906273529],[108.23138460681636,15.962345625874155],[108.2315143056558,15.961504485778768],[108.22925600568777,15.960646179410391],[108.22947725753824,15.959970023727973],[108.2296374743446,15.959318663662147],[108.23020967915431,15.957935836249142],[108.23022493808708,15.95783856152469],[108.23017391486805,15.95777031874353],[108.23014864430912,15.957736517862115],[108.22903475221473,15.95731690183872],[108.22883638797518,15.957206274659745],[108.22878298214474,15.957108046822958],[108.2289279410134,15.956755186499507],[108.22882112921067,15.956566359821181],[108.22676119329348,15.956147697187513],[108.22561678300987,15.955987480013683],[108.22435793357052,15.955987479882806],[108.22198519218492,15.95054104574763],[108.2218860099205,15.949419524365311],[108.2220462272343,15.94846108161463],[108.22238954938331,15.947763945510687],[108.2225650254152,15.947535064103407],[108.22184786316436,15.94733479315714],[108.22199282075837,15.94697048854096],[108.22070345256628,15.946610953648982],[108.22064241736499,15.94672062584883],[108.21985659044496,15.946458365353708],[108.21955141430227,15.946201827537147],[108.21932253281003,15.946140792122643],[108.21834596953586,15.946646239731546],[108.21801027693785,15.94693997051842],[108.21781191263605,15.947404410674638],[108.21769747140343,15.947896507221014],[108.21775850706028,15.948371437172637],[108.2179110948437,15.949014212827567],[108.217903465919,15.949460533011413],[108.2161885178837,15.949323524202946],[108.2160037460256,15.949247862924137],[108.21623262755593,15.94853260753119],[108.21621736883014,15.947879340661274],[108.21640047494739,15.947056319750322],[108.21653017444449,15.946692016178364],[108.21652254477013,15.946410681677188],[108.21646913856267,15.946210410853775],[108.21634706840301,15.946035887719814],[108.21610292731593,15.945824171533781],[108.21575197524118,15.945653464764007],[108.21550783516953,15.945929076949017],[108.21518740009572,15.945779350249643],[108.2145923078687,15.945621993923163],[108.21458467852263,15.945407416957599],[108.21467623174769,15.944873358559114],[108.21440920284509,15.944824722256591],[108.21404299157079,15.94483998116391],[108.21402010364595,15.944559599945535],[108.21385225653468,15.9444566036856],[108.21369966877265,15.944279219944798],[108.21271547679642,15.943700340217596],[108.21211275410636,15.94384052974107],[108.21192201981141,15.943839575878046],[108.21176180202335,15.94376137450961],[108.21160921435488,15.943797615138934],[108.21087679256291,15.943579223281164],[108.21099886354688,15.943300749658235],[108.21106752748642,15.943311240948344],[108.2111514501435,15.943201567714564],[108.21071657554008,15.942819144801538],[108.21028169949663,15.943815733661927],[108.21016725975825,15.943790939268368],[108.21000704160461,15.944159056593447],[108.20967897767486,15.944675948658928],[108.20941957831512,15.94493820930463],[108.2091983256204,15.945046928503428],[108.20895418497467,15.945088890457917],[108.20895143172659,15.945090134703078],[108.20875582106439,15.945178535311383],[108.20832094530763,15.945725944124971],[108.20671114299303,15.946575668596813],[108.20635256184848,15.946924713428407],[108.20590242761715,15.94690850046152],[108.20585665097543,15.947694327945499],[108.20603975634593,15.948150184545147],[108.20549044073157,15.948475387795476],[108.20535311173333,15.948352363520897],[108.20497927092002,15.948572662349878],[108.20504793529759,15.948912170021295],[108.20494875362395,15.949164894355604],[108.20517763524262,15.95018627988436],[108.20527681714222,15.950436141382335],[108.20550569820016,15.950771835210718],[108.20562776975262,15.951091316589913],[108.20477327756203,15.95133068821696],[108.204765647458,15.95162918849324],[108.20482668263233,15.951934364424536],[108.20483431271906,15.952369239949793],[108.20479616597672,15.952677276814354],[108.20480379443643,15.953938034681238],[108.20555147546901,15.954628494533535],[108.20542940567152,15.954736259896958],[108.2050784531257,15.95526364195645],[108.2048190535606,15.955411460863578],[108.20455965442733,15.95576050551952],[108.20420870177011,15.956135299809695],[108.20309481103104,15.956974533807914],[108.20378908577865,15.957547692163098],[108.20417055477944,15.958014038620941],[108.20520815322857,15.96061089412159],[108.20532259356872,15.961246994792754],[108.20510134201577,15.962045219970419],[108.20481142513844,15.96234753525318],[108.20336946905725,15.96317913867955],[108.2029193351477,15.963549164472722],[108.20268282381768,15.96386959931485],[108.20043978161252,15.96349957354521],[108.20019564125806,15.963546303121868],[108.2000735709641,15.963567284160625],[108.20004305324643,15.963514831844218],[108.19979128332223,15.963400391191838],[108.19851717433495,15.963071372822455],[108.19780763958322,15.962937859337655],[108.1977694928147,15.96308377163719],[108.19778475205389,15.963195351292455],[108.19773134560593,15.963240174012459],[108.197647422498,15.96350434214142],[108.19753298236094,15.963549164556193],[108.19741854058711,15.963691262140527],[108.19734987705375,15.964441803378596],[108.1968997417345,15.964386490679956],[108.19685396577468,15.96433594612537],[108.19625887260412,15.964270142090829],[108.19594606767467,15.96417477535319],[108.19519838687303,15.964150933581486],[108.19511446416433,15.96396210561778],[108.19506105775925,15.963668374044897],[108.19512209343077,15.962877778434402],[108.19456514809418,15.962780503347108],[108.19435915365828,15.962640312995548],[108.1940234608426,15.962664155756675],[108.19380220771957,15.962867287858954],[108.19323000364763,15.962951211715188],[108.19149050138876,15.963094262891993],[108.19124636086622,15.961971787919724],[108.18966707570281,15.962134865810686],[108.18904146609603,15.96240857015464],[108.18879732445797,15.962202576448645],[108.18840822561287,15.961752442652728],[108.18803438607104,15.961990861021432],[108.1873324819845,15.962117699571042],[108.18656954141105,15.96217587334558],[108.18659242924888,15.962372330663266],[108.18638643656946,15.96255352902946],[108.18634065936412,15.962646035649591],[108.18654665384243,15.962894945060519],[108.18651613547908,15.963067559825108],[108.18666109468049,15.96314099227231],[108.1869281241646,15.963485268601946],[108.18692812375092,15.963629273284235],[108.18698915836471,15.963673142637264],[108.18687471817552,15.963800934411658],[108.18693575314774,15.964080361494705],[108.18692049407419,15.964337853467386],[108.18692818700913,15.964338552927542],[108.18700441733205,15.964345483183985],[108.18699678787004,15.9644637390225],[108.18692049370982,15.964613465366194],[108.18668398283144,15.964628724449645],[108.18650087738469,15.964486626937827],[108.1861804431396,15.964541939841284],[108.18627962459227,15.964980630099255],[108.18641695406724,15.965322045898931],[108.18644747177096,15.965568094142125],[108.18629488400941,15.96551564174921],[108.18567808035147,15.965610151811692],[108.18539578076697,15.965583551016298],[108.18462404702413,15.965417413203825],[108.18456301069982,15.964966325302624],[108.18444094108602,15.962849168150433],[108.18431124093841,15.962214020817242],[108.18432649940466,15.96141865669994],[108.18418917050363,15.961419610302833],[108.1842654641969,15.961126832596129],[108.1842349472733,15.960547952005992],[108.18429598245088,15.960167435772219],[108.1843875343673,15.959988144301011],[108.18467745133054,15.95986225954076],[108.18453249343189,15.959422616955147],[108.18425020546762,15.95917275330224],[108.18389925307825,15.958768395580108],[108.18377718379595,15.958739785432748],[108.18392977181891,15.958601502833648],[108.18364748337237,15.958139924725575],[108.18352541362098,15.957572487511145],[108.18370851818443,15.957508591796755],[108.18360933622047,15.95733120857619],[108.1834414908521,15.957135705425195],[108.18334230706813,15.957137612246107],[108.18329653150796,15.956974534979354],[108.18262514410175,15.956805734023899],[108.18281587961218,15.956335572813758],[108.1827701030489,15.95631268498243],[108.18289217293166,15.956017998708667],[108.18223604515636,15.956167725192458],[108.1820453102081,15.955949334185835],[108.18186220578107,15.955540207424328],[108.18174987510085,15.955515820614739],[108.18171724675784,15.95550873692842],[108.18169497438602,15.95547421536955],[108.18167909911425,15.955449608723692],[108.181662138725,15.955449331585736],[108.1815036236649,15.955446747363142],[108.18172487674566,15.955108193175223],[108.18135866540308,15.9549765860988],[108.18125948286442,15.955195931124772],[108.18088564196117,15.954812554492058],[108.18089327206965,15.954765824201186],[108.1810458598902,15.954683808405495],[108.18103823019322,15.954649476327088],[108.18039736106962,15.954488305799876],[108.18042787878787,15.95414879732471],[108.18046602665966,15.954106835797646],[108.18002352129712,15.948975113254319],[108.18112215368748,15.94672062703634],[108.18086275427244,15.94657566954683],[108.18093904820378,15.946437386593797],[108.18065675988795,15.946071175558853],[108.18083223707023,15.945729760369028],[108.18069490702123,15.94565727989547],[108.1808246067741,15.945122269258974],[108.18017610841278,15.944700744778567],[108.17920717582318,15.941325691747146],[108.17915452857719,15.94045890828188],[108.17828401828277,15.940751580407992],[108.17646059354212,15.940405396388172],[108.1763766696794,15.940626648045043],[108.17592653587651,15.940887954986339],[108.1756518778281,15.940445450452394],[108.17501100865043,15.940659073083738],[108.17451509783469,15.940640000307534],[108.1743167332723,15.940920379956138],[108.17352327660562,15.940818337333234],[108.17344698234785,15.941291358791345],[108.17327150632894,15.941267518552758],[108.17284425944632,15.940930871543937],[108.1726535254103,15.94051983766779],[108.17233309037016,15.940180329401645],[108.17211946728591,15.940328148559217],[108.17205843249398,15.940286187231969],[108.17204813581523,15.940293374142904],[108.17204317383457,15.940290955458083],[108.17187532647606,15.940413979467028],[108.17159303974347,15.940166024212683],[108.17102846436056,15.940394906227732],[108.17088350572831,15.940601853712968],[108.17060121857462,15.940528420609546],[108.16936525663694,15.941726235445438],[108.16852602213828,15.941547898812162],[108.1684802465844,15.942234543626315],[108.16835054677756,15.942243126641474],[108.16806062969924,15.943035630073185],[108.16779360015104,15.94355061450271],[108.16757997762052,15.943576363884173],[108.16741213179866,15.94446900251794],[108.16727480143986,15.944827584513549],[108.16716036190384,15.944793252556211],[108.16709169629381,15.944884804291029],[108.16709932569584,15.94556000671389],[108.16720613751842,15.945939568826685],[108.16704592054838,15.946008234088332],[108.16691622067322,15.946228531490606],[108.16660341590156,15.946362999867246],[108.16600069388446,15.946374444284597],[108.16594728788392,15.946502236320311],[108.16564211120286,15.946412591843055],[108.1656802587551,15.946641473142394],[108.16558870566986,15.947075394459734],[108.16539797062767,15.947720078669844],[108.16526064195266,15.947960404814692],[108.16536745410991,15.948256043849812],[108.16488680148744,15.948284653752067],[108.16468843737923,15.948398141231937],[108.16448244394705,15.948660401686245],[108.1649936137266,15.949141053598657],[108.1649707244519,15.949349907935877],[108.16508516597005,15.949596909536984],[108.1652453835257,15.950248270268917],[108.1652606415733,15.950588731295323],[108.16501650202609,15.95114376958169],[108.16469606647055,15.951232461988248],[108.1645511089295,15.95182469332162],[108.16318544647511,15.95169499419052],[108.16297182397516,15.951503305487234],[108.16291841765205,15.951282053123796],[108.16235384297482,15.950443773269795],[108.16212496105106,15.950277834451771],[108.1618731904222,15.950268297241385],[108.15994295408038,15.950784234811586],[108.15964540784589,15.950941591457351],[108.15876039785594,15.951613931655514],[108.15840181660886,15.951834230673434],[108.15699800763045,15.952394991250069],[108.15532717082688,15.952643900186937],[108.15518984150275,15.952694444272488],[108.15493044203235,15.952891855791451],[108.15382417959634,15.953050165095547],[108.15351137495398,15.952523737712873],[108.15161165512515,15.950918703398466],[108.1506961271074,15.949640779380848],[108.1500857766168,15.94769337676312],[108.14955934769075,15.94433453507715]]],[[[108.20527682835149,16.225563564599927],[108.20533786372435,16.22562078588102],[108.20540652790663,16.225620785649824],[108.20547519219531,16.225584546059153],[108.20542941639248,16.22553113963539],[108.20551333965969,16.2254949003799],[108.20552859854475,16.22545103152673],[108.20539889867906,16.225428143547745],[108.20562778070303,16.225334684047994],[108.20568118660034,16.22519926135988],[108.20578036822923,16.225203075259827],[108.2057269626761,16.225431958047626],[108.20588717911271,16.22537855242834],[108.20616183745489,16.22535566382865],[108.206291537622,16.22525457457477],[108.20618472633545,16.22517446585257],[108.20619998470464,16.2251344114529],[108.20647464321088,16.225025692299106],[108.2064670135025,16.224901714515884],[108.20665011932918,16.22480825501151],[108.20669589547668,16.22486928919475],[108.20684085414219,16.224739590483075],[108.2069018899439,16.22472814624633],[108.20692477785805,16.224669018666642],[108.20684085472101,16.224571743696142],[108.20709262467186,16.224407711831258],[108.20713077132336,16.224142590281215],[108.20719180610632,16.224178829620072],[108.20742068862232,16.223917522630252],[108.20750461163139,16.223909893064274],[108.20753512862738,16.223963299717],[108.20748935264407,16.224083462185344],[108.20755038751712,16.22409109106606],[108.20766482899073,16.224070110274226],[108.20775638119464,16.22391370817691],[108.20781741692346,16.223949947319387],[108.2078860813714,16.22392705952432],[108.20814548092218,16.223635235604267],[108.20813785162358,16.223553219878223],[108.20809207481233,16.223585644179877],[108.20816836859031,16.22344068520313],[108.20816073992731,16.22335104052765],[108.20837436213543,16.223570385693353],[108.20842776843281,16.223524609861336],[108.20841250974367,16.223434963336906],[108.20852695072458,16.223284283838613],[108.2085574679887,16.223270931677103],[108.20855746751646,16.223335781285048],[108.20860324419549,16.223309078605325],[108.20876346185139,16.223127880047375],[108.20885501475091,16.222910442496875],[108.20884738489039,16.222820796989964],[108.20891604995501,16.22293333160548],[108.20903811928126,16.222878017319065],[108.20901523122637,16.22293714503156],[108.20905337808925,16.22295049775735],[108.20918307892201,16.22286085139751],[108.20925174272051,16.22288183232869],[108.20943484872085,16.22266058070006],[108.20953403089716,16.222406901955473],[108.20957217722352,16.222401180457773],[108.20967135934067,16.22251562128517],[108.20986209460322,16.222322979728954],[108.209869723394,16.22223524160215],[108.20978580063449,16.22227720311269],[108.21006045831966,16.221848049477728],[108.2100680873672,16.22162107518472],[108.21010623407733,16.221575298093875],[108.21008334617972,16.221497096933945],[108.20994601763293,16.221455135495013],[108.2100986053793,16.221380749418596],[108.21019015834611,16.22139791569433],[108.21013675217868,16.221243420609436],[108.21005282968292,16.221262493557933],[108.21015964070745,16.22115186715285],[108.2101291232191,16.22105268549933],[108.21028934032012,16.220875301536683],[108.2102969697444,16.22093824386569],[108.21036563490529,16.220970669696786],[108.21038852282729,16.220924892542275],[108.21034274645908,16.220900097504554],[108.21035037544598,16.220755137871198],[108.2104953342929,16.220711269101688],[108.21052585172856,16.220734158660466],[108.21050296344902,16.220772305089724],[108.2105716275583,16.22079900736471],[108.21062503315713,16.220745602203174],[108.2105411102827,16.220701733017616],[108.21056399881054,16.220600643380177],[108.21062503375882,16.220572033167308],[108.21057162772948,16.220520535097556],[108.21073184568687,16.220518627139842],[108.21076236252442,16.220436611646985],[108.21072421518852,16.220396557023513],[108.21068606875498,16.22043661157846],[108.21060977470314,16.220381298118348],[108.21073947420132,16.22007230849313],[108.21073947481098,16.219786205497634],[108.21064029272274,16.219633616779866],[108.21082339774067,16.219730892224984],[108.21087680313434,16.21971563350327],[108.2109683564929,16.21959546975006],[108.21092258041992,16.219463863450425],[108.21085391569449,16.219425716038547],[108.21086917394354,16.21937612529688],[108.2108310270977,16.219332256195035],[108.21088443334408,16.219290295312923],[108.21086917453826,16.219261684098736],[108.21076236225578,16.219276942747147],[108.21076236199382,16.21922163028633],[108.21070132763649,16.219175853877644],[108.21075473377988,16.219154873496265],[108.2107318455609,16.21909002302367],[108.21056399855706,16.21890501021982],[108.21060977440328,16.21889165880499],[108.21070895775179,16.21900037851236],[108.21075473343865,16.219002284930294],[108.21074710417619,16.218891659081724],[108.21060214493716,16.21884969694849],[108.21057162752638,16.218792477163692],[108.21060977398427,16.218580760837316],[108.21048007572013,16.218514004567357],[108.21047244536142,16.21847204180698],[108.2105792571937,16.21848348643287],[108.21059451680613,16.218409099853822],[108.21049533433793,16.218319454172317],[108.21062503362052,16.218306103030095],[108.21058688618113,16.21819738431092],[108.21066317991871,16.21818594022219],[108.21067081064254,16.218132534084884],[108.21051059229953,16.218082942843907],[108.2104953342048,16.21815542216854],[108.21054111080235,16.218174496456427],[108.21042666950642,16.218283214695745],[108.21038089306992,16.2181668660546],[108.21032748750987,16.21819547704833],[108.2102969691363,16.218065776912372],[108.21036563446114,16.21797422456422],[108.21037326305378,16.21787504213708],[108.21043429864697,16.217865505306584],[108.21039615118131,16.21776632269365],[108.21046481592425,16.21777586003392],[108.21051822226279,16.21766523436215],[108.21047244551858,16.217649975425207],[108.21031985765346,16.217745341887017],[108.2102435635034,16.217720547493503],[108.21026645265566,16.217661418831078],[108.21023593412146,16.21757368142343],[108.21009097603194,16.21759847649168],[108.2102130467633,16.21708158515952],[108.2101138639682,16.21705106705546],[108.20999179351954,16.21713308278773],[108.20993838792799,16.217115917327142],[108.21002994040397,16.21700910649122],[108.20997653507705,16.216848888533576],[108.20999942320556,16.216827908206874],[108.20985446401792,16.21677068746856],[108.20981631718334,16.216688670685294],[108.20990024170445,16.21647504839792],[108.20980105961414,16.216457881637783],[108.2097781706771,16.216417827736315],[108.20993838801357,16.21621946302316],[108.20974765313092,16.215990581657437],[108.20954928890697,16.21613363336493],[108.2094729956676,16.21624044412137],[108.20951114221451,16.21597150810803],[108.2094577366623,16.215952435244393],[108.20950351266626,16.215801754194388],[108.20948825331581,16.215670146712878],[108.20954928907496,16.21573308965637],[108.20960269411744,16.21567586950348],[108.2095416589429,16.215588130708007],[108.20948062430651,16.2156281847547],[108.2094806238565,16.21551755880779],[108.20941958879988,16.2154183774541],[108.20935855386136,16.215439358211285],[108.20935855414757,16.215395489089566],[108.20941195919889,16.21536687932082],[108.20951877116892,16.215105572033938],[108.20943484847025,16.214891949096906],[108.20952640029375,16.21468786235024],[108.20952640017285,16.214544810688867],[108.20948062422156,16.21447805426824],[108.20940433020749,16.214520016238833],[108.20936618287658,16.214499035333155],[108.20936618319121,16.21438077861238],[108.20931277685847,16.214348354112236],[108.20929751915794,16.214207211279014],[108.2091525604437,16.214243449738753],[108.20923648311413,16.214109936144013],[108.20921359493182,16.214071789352477],[108.2091678194138,16.21406415893993],[108.20910678438432,16.214174785976645],[108.20907626639952,16.214123286621163],[108.20900760250686,16.214186229931215],[108.20896945549569,16.21407369619748],[108.20888553108794,16.214098491860554],[108.20884738424402,16.21406225204683],[108.20891604926406,16.21405271499218],[108.20899234277526,16.21394971895563],[108.20893893685455,16.213942089302805],[108.20884738409076,16.214008845828225],[108.20880160837949,16.213976421266153],[108.20886264355887,16.213865795203304],[108.20871005482769,16.213669337780704],[108.20874820231717,16.213511027794585],[108.20867953800511,16.2135415461695],[108.20868716756402,16.21360067421787],[108.20862613237004,16.21356443400644],[108.20851169139172,16.2135854154544],[108.20845828468806,16.213453808073975],[108.20846591465919,16.21330884918001],[108.20832095612438,16.2132840536247],[108.20822940298943,16.213091412117542],[108.20811496199093,16.213015117912555],[108.20800052097513,16.21279958719096],[108.20796237521576,16.212435284274704],[108.20803866795121,16.212278880533216],[108.20815310917664,16.212185420802424],[108.2081378512922,16.212137736874844],[108.20801577962166,16.21213392284646],[108.20803103895538,16.21204618479565],[108.2080920737988,16.212090054208506],[108.20815310949656,16.21206716487241],[108.20826755043687,16.211906948196017],[108.20823703263306,16.21187643095379],[108.20818362717372,16.211922207281326],[108.20818362712826,16.211771525614957],[108.2083819907544,16.211420574104483],[108.2083972505057,16.21133665051892],[108.20832858482761,16.21122220966747],[108.20838962114499,16.211205043808665],[108.20843539657795,16.21104291865285],[108.2083591031614,16.210890331096795],[108.20830569699693,16.210863627903837],[108.20823703306556,16.21090368311893],[108.20824466195633,16.210852184250708],[108.2081988861852,16.21081975854367],[108.20808444506005,16.210848370328154],[108.2080920741717,16.210743465198554],[108.20819888642767,16.21065191263022],[108.20817599774409,16.210606135794293],[108.20797763254426,16.21060422918667],[108.2078937098865,16.210461178327368],[108.20784030385481,16.210495510212247],[108.20789370995624,16.210571803530108],[108.20780978729475,16.210606135674816],[108.2076877158037,16.210424938274116],[108.2076114224014,16.210470714834454],[108.20760379274735,16.21036390301827],[108.20767245797323,16.210239925013063],[108.20754275807602,16.210062541777084],[108.20739779884366,16.210041560657128],[108.20726810001072,16.210081615926995],[108.20723758208536,16.210047283102806],[108.20739779893249,16.209942378843344],[108.20742068829999,16.209869899788877],[108.20727572929356,16.20979932765214],[108.20716128803178,16.209818400884398],[108.20706210560219,16.209869900206353],[108.20704684711302,16.209915676262572],[108.20706210569158,16.209946194271566],[108.2072146935662,16.209881343769922],[108.20729861702182,16.20989088107026],[108.2073062474048,16.209929027815726],[108.20706210623638,16.210012951234212],[108.20701633000935,16.20999387680058],[108.20691714728893,16.21009496699436],[108.20684085432221,16.209896603138265],[108.20674167075185,16.209839381578522],[108.20671878316904,16.20995763792263],[108.20625338976305,16.210047282521845],[108.20623813086515,16.21010450379373],[108.2062686492981,16.210136928633943],[108.20635257191658,16.210146464504852],[108.20653567793853,16.21007017095497],[108.20652804785956,16.210110225491213],[108.20634494326873,16.210241832583353],[108.20619998370576,16.210199871010257],[108.20607028482577,16.21028188667435],[108.20584140310957,16.210279979820918],[108.20558200291063,16.210556545134],[108.20510898129146,16.210711040621195],[108.20468173456163,16.21096281062282],[108.20426211785791,16.21113065700855],[108.20414767661788,16.211374797760815],[108.2038959065218,16.211615124135974],[108.20349917943862,16.211880244927187],[108.20339999697444,16.211905041374493],[108.20339999732182,16.212000408031628],[108.2033160730377,16.212198772318203],[108.20322452058434,16.212286510742988],[108.20256839300413,16.212320843587644],[108.20249209874723,16.212280788053313],[108.20240817492473,16.21214345908284],[108.20208011108609,16.212111034307533],[108.20199618760806,16.21196607614452],[108.20190463448509,16.21196989078474],[108.201904635382,16.21193174407369],[108.20175204724495,16.21194891003529],[108.2015231659416,16.212055720751177],[108.20143924168124,16.21193174382591],[108.20143161266886,16.21177343394996],[108.2012942841232,16.211718121387943],[108.20103488410491,16.211716213409186],[108.20116458361939,16.21144727682861],[108.20099673694389,16.21155218104681],[108.20097384889478,16.21153120013756],[108.2010425136417,16.211433926071262],[108.20094333165198,16.21144918424048],[108.20040164513206,16.21166662259038],[108.20005832210036,16.211945094826905],[108.19997439791096,16.211969891500107],[108.20002780428193,16.211880244893603],[108.20006595096312,16.211906948519996],[108.20013461547784,16.21179441490003],[108.2000812096282,16.21179822908484],[108.19990573396802,16.21192411453582],[108.19976840452456,16.212099590521653],[108.19961581711269,16.21217779231155],[108.19962344588674,16.212246456383234],[108.19952426370084,16.212290325376284],[108.19944796997157,16.212502041603155],[108.1992572346836,16.21263174114431],[108.19923434698622,16.21268133272324],[108.19931064105788,16.212849178707447],[108.19918857108955,16.213072338353733],[108.19922671836342,16.21316198399399],[108.1990512415445,16.213335551962505],[108.19902072413043,16.213579693206466],[108.1988147297923,16.2138753321106],[108.19870028989233,16.213984051749783],[108.19850192470057,16.214024105174655],[108.19825015459737,16.21418050802485],[108.19829593241532,16.21424535828474],[108.19837985462473,16.21421674765942],[108.19850192513735,16.21423582149603],[108.19863162473592,16.214121380222647],[108.19874606603986,16.214161434081035],[108.19873843722286,16.214211025671588],[108.19860873691599,16.21432737426581],[108.19861636636537,16.214386501243343],[108.19865451321857,16.214394131694203],[108.19873080705516,16.214256802781275],[108.19873843675664,16.214352169269738],[108.1988757661594,16.214436092049795],[108.19892154212071,16.214540997077798],[108.19899783594143,16.214590588311886],[108.19882235990487,16.215088406472177],[108.19893680110921,16.215231457855854],[108.19900546550578,16.21552328169923],[108.19898257712379,16.2155862240319],[108.1988910239599,16.21563200065024],[108.19890628301923,16.215689220800417],[108.1989673177055,16.215794125777776],[108.19902072399056,16.215809383305665],[108.19903598320369,16.21592573262917],[108.19922671796193,16.21607069007943],[108.1991809413449,16.216164150673915],[108.19921908797203,16.216208019581767],[108.19932590052697,16.216194668679034],[108.19928012408157,16.216297665526206],[108.19950900464846,16.21631864657553],[108.19944034091473,16.216427364789094],[108.19948611732677,16.21652845418141],[108.19939456405659,16.216583767291066],[108.19950137626134,16.216639080782958],[108.19941745298095,16.216795483841857],[108.19946322903533,16.216803112711354],[108.19951663539302,16.21669439360508],[108.19969973975752,16.2168393527756],[108.19980655224909,16.216999569156012],[108.19998202828609,16.217064419631022],[108.20000491627184,16.21713499168458],[108.1999209929871,16.217344799617564],[108.19981418131832,16.217442074241877],[108.19989047479045,16.21746877711932],[108.19989047501038,16.217518368231282],[108.19993625109863,16.217508831757648],[108.19991336315557,16.217566052429067],[108.19982181088105,16.217552700366284],[108.19977603458142,16.21764043844052],[108.19987521590681,16.217695751256553],[108.19985232827011,16.21777967517716],[108.19991336299731,16.21779493372704],[108.19995150975049,16.217875042823657],[108.19994388094324,16.218096294710662],[108.20010409858672,16.218168774923424],[108.2001269857387,16.218277493671273],[108.20005069213995,16.218449154447075],[108.1998599583429,16.218607464721735],[108.19977603400307,16.218979397648827],[108.19981418109276,16.21903661797657],[108.19972262841249,16.219112911957534],[108.1996387049944,16.219368496513802],[108.19950137587193,16.219481030153037],[108.19950137629034,16.219532528513824],[108.19956241153287,16.21955541698134],[108.19951663492397,16.219748059037425],[108.1995547820193,16.219875852032217],[108.19976840565587,16.21999410639792],[108.19983706896559,16.220095196785913],[108.19976840505556,16.220224896731725],[108.19977603420311,16.22027448734178],[108.19985995856666,16.22031644844061],[108.19988284642325,16.220530072022182],[108.19999728762735,16.220551052230658],[108.20009646938071,16.220495739971103],[108.19989810497292,16.22066930899357],[108.20036349840008,16.221067944186974],[108.2002948332091,16.22121671766418],[108.20033298050276,16.22135404662969],[108.20049319750866,16.221382656842582],[108.20078311474889,16.221594372192058],[108.20098147942547,16.221586742531024],[108.20092807352496,16.221781292542836],[108.20097384940554,16.22185949349114],[108.20103488407324,16.22187093795895],[108.20104251394983,16.221989193771417],[108.20108829070055,16.222029247980963],[108.20127139629366,16.22197965703326],[108.20129428399258,16.22202352557293],[108.20124850764181,16.222155132403223],[108.20134006077701,16.2221799288242],[108.2013553196876,16.22223905676548],[108.20146976063404,16.22227148130258],[108.20169864238471,16.22248510419816],[108.20170627137858,16.22252134395615],[108.20156131317033,16.222565212519953],[108.20159183020354,16.222639599941985],[108.20213351727945,16.223049679560763],[108.20230136459475,16.223412075810757],[108.2022174399837,16.223898450130783],[108.20223269958004,16.224056759975646],[108.20232425258934,16.224239865092528],[108.20253024676218,16.22443822964458],[108.20273623952458,16.224766293628488],[108.20278964591569,16.22481016299476],[108.20295749258744,16.224794903746407],[108.20297275187242,16.224857845951917],[108.20287356862501,16.225031415036575],[108.20288119861362,16.22509244973851],[108.20301089792567,16.2251000795948],[108.20308719151319,16.225016155458913],[108.20323977920714,16.225100080119415],[108.20339236735119,16.225126782902517],[108.20352206791262,16.225090542273804],[108.20357547368107,16.225174465277362],[108.20343814439369,16.22537855282545],[108.20345340252447,16.225418606285206],[108.20357547325716,16.225428143655023],[108.20347629160291,16.22554449212841],[108.20349154918394,16.225639858281472],[108.20352969657556,16.22570089389796],[108.20362124943023,16.2257237827485],[108.2037509499371,16.22573713380265],[108.20381198464365,16.225700893575443],[108.20449100098688,16.225668470048777],[108.20479617637805,16.22533086873402],[108.20484958224598,16.22534231263514],[108.20490298752505,16.225544491278242],[108.20496402250441,16.225599804544103],[108.20510898125958,16.225639858298724],[108.20527682835149,16.225563564599927]]]]}}]}